age,income,expenses,gender,education_level,revenue_$,profit_â‚¬,signup_date,last_purchase_time
56,65094.39213821661,14150.41582144856,Male,Master,107169.35,69913.7,2020-01-01,00:00:00
46,41346.62195715277,5638.688933591753,Other,Bachelor,96319.87,53929.14,2020-01-02,01:00:00
32,62535.38168097712,19862.42547474682,Female,Bachelor,114121.06,65904.04,2020-01-03,02:00:00
60,33054.397180135726,28861.257983348718,Other,,140894.95,44308.52,2020-01-04,03:00:00
25,57947.06266872924,28306.29607273935,Other,High School,94473.94,42028.86,2020-01-05,04:00:00
38,71623.5293098685,17714.51871706864,Male,Master,101734.25,50409.25,2020-01-06,05:00:00
56,12925.332498090662,16988.939698191098,Other,Bachelor,104814.92,54349.41,2020-01-07,06:00:00
36,38046.57116794285,22343.87128037512,Other,Bachelor,159802.74,46060.13,2020-01-08,07:00:00
40,58656.081907708096,15008.072804058542,Female,Bachelor,47516.09,55377.68,2020-01-09,08:00:00
28,46954.31920935511,21508.95949909733,Male,,117080.58,53063.89,2020-01-10,09:00:00
28,55567.188100569634,23830.40139192345,Male,High School,97129.94,40016.93,2020-01-11,10:00:00
41,40940.22219926269,26134.666119421538,Female,Master,114169.29,55187.93,2020-01-12,11:00:00
53,51298.8468120935,19499.229617600235,Other,High School,83565.69,58635.28,2020-01-13,12:00:00
57,47664.84146911881,18981.63124911517,Male,High School,98775.87,51714.69,2020-01-14,13:00:00
41,67516.73092489711,15610.087066217195,Male,Bachelor,117785.26,61526.48,2020-01-15,14:00:00
20,53816.31264951819,15865.5982298007,Other,Master,177822.76,37825.96,2020-01-16,15:00:00
39,55064.039931128034,18867.605540492365,Other,Bachelor,120200.9,54679.5,2020-01-17,16:00:00
19,43821.84550816299,21836.82753408089,Male,,78798.36,38297.19,2020-01-18,17:00:00
41,42685.906638912595,24567.923131166248,Other,,89406.01,38859.19,2020-01-19,18:00:00
61,43511.627182705684,15984.105246598276,Male,Bachelor,88664.65,43690.69,2020-01-20,19:00:00
47,55916.78213567445,27463.44284479761,Other,,55108.92,40579.4,2020-01-21,20:00:00
55,43685.232787696055,18644.381994787156,Other,PhD,91747.75,44520.04,2020-01-22,21:00:00
19,54346.62285344619,19893.16352825782,Female,Bachelor,118320.73,47858.5,2020-01-23,22:00:00
38,,16263.941604260883,Other,Master,68144.2,58371.54,2020-01-24,23:00:00
50,63066.87055147538,7878.798698635292,Female,PhD,126212.07,46788.41,2020-01-25,00:00:00
29,45109.647017482384,24420.22698180525,Other,High School,112194.37,34143.74,2020-01-26,01:00:00
39,68018.20883245918,23684.219485462167,Male,PhD,81644.17,61400.68,2020-01-27,02:00:00
61,43878.86940467673,18593.36221440893,Male,,96461.76,41629.1,2020-01-28,03:00:00
42,19428.13197233219,20334.95358612436,Other,High School,139958.05,49412.8,2020-01-29,04:00:00
44,34878.70533623894,22579.696088520497,Other,High School,118338.7,54465.37,2020-01-30,05:00:00
59,21938.121184612166,12187.270715567287,Male,,100219.59,51996.1,2020-01-31,06:00:00
45,,17354.736613268527,Other,Master,94057.92,60941.8,2020-02-01,07:00:00
33,50276.27568784328,23971.323398109136,Female,High School,101915.23,54790.03,2020-02-02,08:00:00
32,75146.55968412924,13728.552884153753,Female,Bachelor,87205.91,41386.9,2020-02-03,09:00:00
64,54903.910606462436,21467.789660833147,Female,Bachelor,47381.26,71785.62,2020-02-04,10:00:00
61,46713.49206786704,13217.090976882975,Female,Master,151054.45,51943.33,2020-02-05,11:00:00
20,62441.083717752335,22332.14991216763,Female,Master,103883.12,48526.6,2020-02-06,12:00:00
54,16832.970364881723,19821.79258851258,Other,,109953.68,59639.25,2020-02-07,13:00:00
24,53534.21837162849,11924.340920472452,Other,Bachelor,98552.31,52494.51,2020-02-08,14:00:00
38,61562.9779083045,25823.696772285857,Female,Master,81622.08,53992.28,2020-02-09,15:00:00
26,27821.206313302377,16327.042116009754,Other,,95351.89,74921.84,2020-02-10,16:00:00
56,67156.31064810394,15948.737814928096,Other,Bachelor,60015.13,47248.79,2020-02-11,17:00:00
35,55077.44611241621,21002.845986154713,Female,High School,156927.16,46822.39,2020-02-12,18:00:00
21,43770.681291487985,25743.186747143576,Other,,69137.2,51165.79,2020-02-13,19:00:00
42,59491.72799159427,14920.890905108015,Other,PhD,74200.84,60715.16,2020-02-14,20:00:00
31,84060.39286706594,20308.399249239857,Other,Bachelor,88993.52,34934.66,2020-02-15,21:00:00
26,52727.99382587743,22144.082501652865,Female,Master,132201.89,30344.44,2020-02-16,22:00:00
43,53723.30879450504,23465.52803631572,Other,High School,100362.72,44128.85,2020-02-17,23:00:00
19,43109.58650689634,20882.207776386127,Male,Master,69096.61,33660.77,2020-02-18,00:00:00
37,37252.33445802813,18164.86080458339,Male,Master,131358.46,45751.69,2020-02-19,01:00:00
45,62455.03724816369,15862.048896756402,Female,Master,118275.02,55025.0,2020-02-20,02:00:00
64,37158.74261136699,20430.719415231873,Male,,113460.87,41092.51,2020-02-21,03:00:00
24,51073.49355829089,14639.304940071965,Female,Master,117893.36,35731.73,2020-02-22,04:00:00
61,42835.13829852325,5393.247582526963,Male,Bachelor,159859.05,50693.37,2020-02-23,05:00:00
25,57184.697386195876,22182.799020788338,Male,PhD,154627.37,58625.43,2020-02-24,06:00:00
64,55004.931579304226,24519.674205430976,Male,High School,82832.12,33050.27,2020-02-25,07:00:00
52,65563.0991638685,8185.337822290809,Female,Bachelor,140597.12,58202.32,2020-02-26,08:00:00
31,42349.75401717879,14951.346476450311,Female,Bachelor,109579.2,58173.06,2020-02-27,09:00:00
34,45951.87597059943,23095.771305025988,Other,Bachelor,112477.4,59540.85,2020-02-28,10:00:00
53,35318.54426326539,30287.477348558496,Female,PhD,57693.23,62184.8,2020-02-29,11:00:00
57,43335.60109885833,20103.96853837704,Male,Bachelor,95740.36,72020.14,2020-03-01,12:00:00
21,55659.50739567279,16359.985293854328,Male,PhD,79679.41,46439.08,2020-03-02,13:00:00
19,61354.829249680275,19085.5177944758,Female,,120701.47,51095.72,2020-03-03,14:00:00
23,36167.52013733562,26874.382095740926,Female,,126777.01,45835.62,2020-03-04,15:00:00
59,63044.088801584905,16770.179104377323,Female,PhD,48137.84,50019.77,2020-03-05,16:00:00
21,70334.56788207426,16004.039966748733,Other,High School,99449.13,65328.73,2020-03-06,17:00:00
46,56201.523548355515,17586.282389089836,Male,High School,128046.54,36549.86,2020-03-07,18:00:00
35,78151.937188371,15233.356958706438,Other,Master,95333.03,41389.5,2020-03-08,19:00:00
43,38393.1620134464,20613.351579973976,Other,Bachelor,118226.59,63771.81,2020-03-09,20:00:00
61,31330.179450328746,28123.392292347802,Male,High School,108779.14,60200.37,2020-03-10,21:00:00
51,23319.19626643582,21615.396365580145,Male,Master,108541.51,46368.68,2020-03-11,22:00:00
27,72440.66467233775,18738.23248936856,Female,Master,93217.13,58544.02,2020-03-12,23:00:00
53,59815.484845310864,18540.94365542228,Female,,69585.48,53412.16,2020-03-13,00:00:00
31,49166.229936343174,12184.045956516715,Other,,71961.75,65002.75,2020-03-14,01:00:00
48,54199.529394797304,24415.548885735796,Female,,117733.81,50745.1,2020-03-15,02:00:00
32,33117.66429052435,19610.81401493599,Female,,100486.46,60256.32,2020-03-16,03:00:00
25,86686.27969425239,19097.60043204687,Male,High School,96537.19,76420.12,2020-03-17,04:00:00
31,51938.31772962841,35965.5378392243,Male,Master,89402.75,55980.99,2020-03-18,05:00:00
40,51640.92191907339,21493.76454182843,Female,,92370.28,50493.28,2020-03-19,06:00:00
57,60886.49935848038,16241.044749524079,Male,Master,126172.79,57224.47,2020-03-20,07:00:00
38,57215.1384760507,17868.212018972285,Female,Master,91618.9,46347.19,2020-03-21,08:00:00
33,53358.26036418697,25742.228545983773,Male,Bachelor,66473.38,73879.68,2020-03-22,09:00:00
62,38142.88316832032,20566.35205268882,Male,High School,118591.29,51800.71,2020-03-23,10:00:00
35,57072.025357039936,12808.610108413166,Male,Bachelor,94878.08,47270.67,2020-03-24,11:00:00
64,78230.3674471255,24596.144672876017,Male,,100784.9,41643.11,2020-03-25,12:00:00
41,70181.30069232467,16659.27957230503,Female,PhD,140189.46,60972.2,2020-03-26,13:00:00
43,73897.79939959096,29366.488881087727,Other,High School,99485.99,58671.87,2020-03-27,14:00:00
42,42331.76485353222,25400.240328573243,Male,,107229.59,45026.46,2020-03-28,15:00:00
62,35155.92769612129,17763.390521706246,Female,,70526.91,55764.51,2020-03-29,16:00:00
58,48113.19619850528,26405.081808675564,Female,High School,94508.26,34914.44,2020-03-30,17:00:00
46,50835.87368433042,20339.277552637017,Male,Bachelor,115238.15,51849.71,2020-03-31,18:00:00
32,66412.87277706423,24263.8683756111,Other,,61115.66,54527.56,2020-04-01,19:00:00
62,24613.03055427771,22423.664086472374,Male,,105021.13,67073.3,2020-04-02,20:00:00
18,72943.2547919092,15768.216725045633,Female,Bachelor,102519.78,42291.81,2020-04-03,21:00:00
42,47629.88152131516,16782.25083841269,Other,Bachelor,101032.19,37216.47,2020-04-04,22:00:00
24,43596.7839507887,25149.804087905806,Female,Master,125928.97,41045.72,2020-04-05,23:00:00
26,,18326.123339467296,Male,Master,108360.96,36634.31,2020-04-06,00:00:00
41,25177.14992201346,17981.757683790016,Other,,136951.8,63366.57,2020-04-07,01:00:00
18,62347.55875942872,15224.387103253235,Female,Master,75160.26,65486.39,2020-04-08,02:00:00
61,51099.76950782606,22117.995327967306,Female,High School,103398.11,53202.17,2020-04-09,03:00:00
25,30650.58650388419,30312.624596215726,Female,High School,102111.67,62212.95,2020-04-10,04:00:00
41,30573.818419045758,14662.335428728635,Male,Bachelor,73268.64,51339.58,2020-04-11,05:00:00
28,44963.229510648074,20121.09728336379,Other,Bachelor,123907.38,49048.88,2020-04-12,06:00:00
34,75035.32287934089,27061.102777077147,Male,Bachelor,158116.83,46669.62,2020-04-13,07:00:00
25,46106.12972954593,19601.793043771424,Male,Bachelor,99574.85,46896.09,2020-04-14,08:00:00
52,,22261.858981248668,Male,Bachelor,112625.53,34521.98,2020-04-15,09:00:00
52,46313.85403871084,14688.032359265602,Other,High School,102112.96,52642.55,2020-04-16,10:00:00
50,45909.146453784946,22141.535486038243,Male,,82160.38,49596.66,2020-04-17,11:00:00
22,9546.700355876426,19064.278674977257,Male,,54480.99,57453.61,2020-04-18,12:00:00
59,49185.577002232814,24928.649978399313,Male,Bachelor,82355.66,50935.23,2020-04-19,13:00:00
56,46535.98204686983,25936.930257823755,Male,Bachelor,65201.04,48372.96,2020-04-20,14:00:00
58,60443.095472201276,32947.81821009307,Female,Master,142602.55,41288.07,2020-04-21,15:00:00
45,77734.34142418018,22898.165866067877,Male,,97122.26,50721.53,2020-04-22,16:00:00
24,66898.47544321636,21628.981582910834,Female,High School,91352.02,57382.37,2020-04-23,17:00:00
26,45966.669641677545,20971.92150788668,Male,Master,122228.85,38566.61,2020-04-24,18:00:00
25,33402.11136887495,18234.16853594656,Other,,71956.22,50874.74,2020-04-25,19:00:00
29,88600.3970487479,21692.419217308456,Female,Master,80828.4,52330.43,2020-04-26,20:00:00
51,50888.27651021732,18522.99294930485,Female,High School,101701.81,42819.35,2020-04-27,21:00:00
50,50208.939378694195,20842.30488134807,Female,,125719.22,44121.44,2020-04-28,22:00:00
40,,26587.987678039797,Female,High School,112542.13,52306.11,2020-04-29,23:00:00
41,52971.271411517824,14967.287173601795,Other,Master,106208.13,38665.79,2020-04-30,00:00:00
54,47834.593821140865,25699.392805645228,Male,,101952.94,53499.24,2020-05-01,01:00:00
52,41395.069896796456,26585.575336699327,Female,,110005.9,41046.46,2020-05-02,02:00:00
61,41797.115881394115,19409.657365044608,Other,PhD,105041.32,60628.54,2020-05-03,03:00:00
57,49508.70094676002,9390.725504957027,Female,High School,74250.69,73378.28,2020-05-04,04:00:00
39,41848.62843299352,16960.890064527837,Male,PhD,101151.98,41392.43,2020-05-05,05:00:00
44,39307.313259842536,26484.972732805545,Female,Bachelor,73157.78,55342.08,2020-05-06,06:00:00
52,51596.453415378455,19885.659688505588,Other,High School,102027.06,42732.58,2020-05-07,07:00:00
18,46175.34173868717,15003.488838525445,Male,High School,87983.8,60409.54,2020-05-08,08:00:00
52,72559.89482874033,17476.125393858914,Other,,163484.54,37347.42,2020-05-09,09:00:00
54,10235.45287410482,24203.100132522766,Male,High School,99002.64,54805.87,2020-05-10,10:00:00
64,66372.60277883692,22733.667841006896,Male,High School,64894.01,41270.11,2020-05-11,11:00:00
31,68691.27788746444,18805.33950415153,Male,Bachelor,96645.49,47930.15,2020-05-12,12:00:00
20,18899.146513877757,18165.877940926563,Female,Master,112983.97,39689.75,2020-05-13,13:00:00
18,44859.68608879477,18041.20925478089,Other,Master,141834.1,58223.5,2020-05-14,14:00:00
22,44428.38701006313,15387.949077507488,Other,High School,85263.69,41630.2,2020-05-15,15:00:00
43,28887.32457923268,28076.878447347208,Other,Bachelor,60439.3,55519.64,2020-05-16,16:00:00
31,38332.74968613687,18388.3976539433,Male,High School,120420.93,46559.02,2020-05-17,17:00:00
56,33341.36231801257,26085.792604127484,Female,,65485.03,48855.28,2020-05-18,18:00:00
44,76284.05665135435,27606.580259612256,Male,Bachelor,89096.11,51477.56,2020-05-19,19:00:00
26,64035.17589721191,24991.5544907398,Other,Master,93559.49,42381.75,2020-05-20,20:00:00
32,69073.32642491237,17841.898436409756,Female,High School,98259.16,52103.67,2020-05-21,21:00:00
32,60825.08096064853,22018.650451683046,Female,Bachelor,117229.11,65303.35,2020-05-22,22:00:00
43,33064.22343174156,19879.021968045417,Female,Bachelor,82909.14,42219.05,2020-05-23,23:00:00
59,42132.196005803395,15481.49069634936,Other,,93156.77,61718.1,2020-05-24,00:00:00
30,57340.61841841877,21621.796408608014,Female,,99643.24,64980.98,2020-05-25,01:00:00
49,31668.082866620818,14104.801044200987,Female,PhD,103739.95,41838.45,2020-05-26,02:00:00
56,60694.97645258582,25938.39694230782,Male,High School,102445.68,35449.45,2020-05-27,03:00:00
49,46395.119027627974,17676.913513508036,Male,High School,110900.14,53019.61,2020-05-28,04:00:00
21,44377.68788675604,21005.798279364197,Female,Bachelor,121095.99,44525.92,2020-05-29,05:00:00
47,60664.39952305237,21416.43935773071,Female,Bachelor,109815.85,68686.03,2020-05-30,06:00:00
54,56663.9496722906,18705.475131479612,Male,Master,111339.64,50348.08,2020-05-31,07:00:00
40,44585.507512713804,22933.469007376374,Male,PhD,60444.42,41978.01,2020-06-01,08:00:00
56,67389.94705046373,17625.481716887378,Male,PhD,101255.69,38528.4,2020-06-02,09:00:00
62,33784.05008600154,24356.48648728622,Other,PhD,111987.69,60899.05,2020-06-03,10:00:00
32,59239.034104163955,13270.101598766258,Other,Bachelor,118223.53,44288.16,2020-06-04,11:00:00
60,,20631.89789773206,Male,Master,82691.23,50438.29,2020-06-05,12:00:00
46,45356.803410290144,29694.644995291426,Female,Bachelor,83524.02,59558.03,2020-06-06,13:00:00
53,54891.99533363177,14998.343376972127,Male,High School,85647.48,45157.42,2020-06-07,14:00:00
30,31233.296354220456,16611.27514737574,Other,Master,113410.35,49540.71,2020-06-08,15:00:00
49,63860.40528810352,22569.539248294575,Female,High School,125847.03,49834.32,2020-06-09,16:00:00
24,47226.46795335517,20897.90890969799,Other,Bachelor,89813.5,56833.25,2020-06-10,17:00:00
39,42159.154692214404,21753.150496367794,Female,,122699.06,55907.44,2020-06-11,18:00:00
45,65735.13838755334,22445.935650738316,Other,Master,103087.0,47798.86,2020-06-12,19:00:00
19,39434.84464185861,23173.60734280885,Female,PhD,96892.86,50636.49,2020-06-13,20:00:00
59,28873.080554546606,25548.499209781115,Female,Bachelor,94715.39,46282.21,2020-06-14,21:00:00
62,26650.562397141442,22049.093284642564,Female,PhD,118665.28,35223.88,2020-06-15,22:00:00
23,59090.14927018459,18793.711726907288,Female,Bachelor,108139.45,52576.01,2020-06-16,23:00:00
45,30793.559712555754,23362.868506013656,Other,,156895.64,68921.92,2020-06-17,00:00:00
45,76321.91272976546,29499.409674476075,Other,Master,78694.38,41162.81,2020-06-18,01:00:00
61,18771.058881744168,19336.83126808713,Female,Master,112952.54,42269.7,2020-06-19,02:00:00
61,75446.84552435057,15127.353476646793,Female,,86769.97,41292.72,2020-06-20,03:00:00
37,53165.26200803927,25535.403346434865,Other,High School,78267.83,57245.92,2020-06-21,04:00:00
47,48549.30332194411,19398.09418023201,Female,Master,99728.32,54484.85,2020-06-22,05:00:00
28,41826.21369786575,9136.652269929818,Female,,103433.81,48414.62,2020-06-23,06:00:00
45,55987.04171528106,24237.108385752108,Female,PhD,172954.34,40819.81,2020-06-24,07:00:00
42,49435.47946362727,17323.359070230385,Male,High School,95396.35,50923.77,2020-06-25,08:00:00
56,66549.52823024782,19547.333588479196,Female,PhD,71745.53,34353.78,2020-06-26,09:00:00
50,51713.41472993059,21659.901652845074,Male,Master,106825.27,51434.27,2020-06-27,10:00:00
18,52254.52642192817,20952.49839889533,Female,Bachelor,48134.0,58715.24,2020-06-28,11:00:00
44,44545.81681679216,23547.259085695197,Other,Bachelor,97701.08,37488.01,2020-06-29,12:00:00
30,49145.81564418399,17822.568147150785,Male,Bachelor,100400.63,34674.82,2020-06-30,13:00:00
58,,22565.52899088041,Male,,119865.01,65794.38,2020-07-01,14:00:00
20,24347.474110150615,18702.266612080413,Female,,124340.56,43882.4,2020-07-02,15:00:00
56,29777.218668414305,23694.052404437516,Female,Master,87410.76,61359.48,2020-07-03,16:00:00
23,61148.96141034072,23076.83742006527,Male,,96234.65,48460.02,2020-07-04,17:00:00
25,52562.981571919125,15322.806489777024,Other,Master,80846.98,48380.45,2020-07-05,18:00:00
44,47240.24995470981,25429.910580875163,Other,,71798.44,54384.13,2020-07-06,19:00:00
26,50276.5089959809,17320.18277442976,Female,High School,107747.37,41160.01,2020-07-07,20:00:00
54,55213.72558042507,24040.288991405727,Other,Bachelor,68160.36,51324.97,2020-07-08,21:00:00
50,41903.60479535958,21836.4365670067,Other,Bachelor,89634.33,46185.11,2020-07-09,22:00:00
59,38325.42911896531,29190.918383975615,Female,,75120.65,36795.07,2020-07-10,23:00:00
61,52937.67882646522,18882.670088140738,Other,Master,113742.08,53374.82,2020-07-11,00:00:00
41,35324.40833577452,18253.41601940901,Female,Bachelor,145035.75,47366.92,2020-07-12,01:00:00
32,56123.79133571708,19902.901970561335,Male,Bachelor,67460.3,48429.75,2020-07-13,02:00:00
49,24461.245936432395,18484.101085828624,Female,Bachelor,53674.54,37898.39,2020-07-14,03:00:00
49,65437.33455988466,23999.70950971025,Male,High School,96877.83,65914.0,2020-07-15,04:00:00
41,,11918.446957817061,Male,PhD,100392.44,58767.14,2020-07-16,05:00:00
58,,14731.58790426823,Other,PhD,105466.48,59641.56,2020-07-17,06:00:00
29,64740.36475918271,14660.985392104034,Other,Master,88841.99,46945.55,2020-07-18,07:00:00
56,74982.11666693864,24751.537959867877,Other,High School,94984.02,32708.17,2020-07-19,08:00:00
19,65215.55097527196,28553.066862909625,Female,PhD,109187.76,69529.17,2020-07-20,09:00:00
20,22386.88653002532,19477.753907312643,Other,,126010.77,49389.02,2020-07-21,10:00:00
54,30806.345498964478,19155.891384049948,Male,PhD,51123.78,42512.0,2020-07-22,11:00:00
34,,20350.260815565907,Other,High School,90776.51,54168.02,2020-07-23,12:00:00
19,50391.36575316251,25809.39151304095,Other,Master,105345.22,61671.21,2020-07-24,13:00:00
19,57764.88530703685,15363.234329047129,Female,PhD,77050.6,49769.49,2020-07-25,14:00:00
45,39113.84280269802,21191.844913673925,Female,,143279.24,62785.75,2020-07-26,15:00:00
40,52801.50146715617,24875.988148912147,Male,Master,84114.75,60830.0,2020-07-27,16:00:00
54,38669.256014700164,22505.470849699224,Female,Bachelor,98967.68,39236.19,2020-07-28,17:00:00
49,40827.23295512078,20947.908082993716,Other,Master,113900.55,43262.1,2020-07-29,18:00:00
50,28900.083547276667,25005.230462835705,Female,High School,85217.88,59575.37,2020-07-30,19:00:00
18,36151.50130833643,6483.838535003813,Male,Master,53835.67,22873.87,2020-07-31,20:00:00
36,29724.730915754997,23389.37659765454,Other,High School,89283.64,48505.44,2020-08-01,21:00:00
19,35361.90120534001,16729.62158436288,Male,Bachelor,125736.01,35691.69,2020-08-02,22:00:00
61,65804.62694911759,10846.835515717716,Female,Bachelor,91577.62,45234.46,2020-08-03,23:00:00
43,35759.01666752085,22556.012997624905,Female,Master,78839.14,47011.8,2020-08-04,00:00:00
49,89485.73097256086,26868.29272581479,Male,High School,123141.81,46417.56,2020-08-05,01:00:00
23,57399.76851321334,19312.75742686154,Other,Master,91730.63,44477.39,2020-08-06,02:00:00
49,52772.54185542311,24764.372736014695,Female,PhD,87245.98,39028.56,2020-08-07,03:00:00
21,37124.6332972818,28061.391289943225,Female,High School,103736.4,72919.11,2020-08-08,04:00:00
28,60504.64819113487,26574.572267920237,Other,High School,119268.76,68674.62,2020-08-09,05:00:00
34,41365.43260643339,28199.822646856963,Female,,159542.84,38379.34,2020-08-10,06:00:00
55,51830.147219680424,23710.63745535946,Male,,120680.9,65821.17,2020-08-11,07:00:00
41,88401.26807403192,20377.168194507965,Female,,128996.0,46005.35,2020-08-12,08:00:00
22,48559.10150413025,11990.170940514157,Female,Bachelor,87350.85,51291.87,2020-08-13,09:00:00
51,67239.09989428514,18769.687559350255,Other,High School,74353.3,49367.26,2020-08-14,10:00:00
23,39452.35362311169,15783.767023419041,Male,Master,101558.28,43402.51,2020-08-15,11:00:00
39,49475.17264254557,30854.713587489066,Other,PhD,102679.25,59838.52,2020-08-16,12:00:00
28,76562.00953453264,19120.570937838318,Female,PhD,73037.18,51258.87,2020-08-17,13:00:00
33,,20616.02403392243,Female,Master,95617.64,45234.49,2020-08-18,14:00:00
50,77186.72836995393,22757.426880202336,Other,High School,109982.94,36954.11,2020-08-19,15:00:00
26,60616.279031832135,20218.012231862267,Other,High School,109009.83,41064.05,2020-08-20,16:00:00
23,41562.99836158598,28475.255202153763,Other,High School,112607.2,33586.2,2020-08-21,17:00:00
33,59486.116085832815,16886.75319132774,Male,Bachelor,107274.12,50122.24,2020-08-22,18:00:00
46,64588.316744400945,20973.037276186213,Female,High School,87324.78,38033.34,2020-08-23,19:00:00
20,59327.149433257946,16287.647071509758,Other,Bachelor,87152.48,47344.39,2020-08-24,20:00:00
37,26446.629201643154,13399.88744389647,Female,,70026.22,63701.02,2020-08-25,21:00:00
53,39092.94236262697,16941.15454547357,Male,PhD,144619.38,61993.0,2020-08-26,22:00:00
36,46287.22046672743,19814.81601475794,Male,Master,100336.26,49677.23,2020-08-27,23:00:00
43,48883.498563499306,17853.4888774137,Male,PhD,94378.67,49129.15,2020-08-28,00:00:00
20,59310.08146326017,16537.89510063072,Male,Master,76780.2,68798.75,2020-08-29,01:00:00
36,52665.51501399881,12968.412681640832,Female,High School,173391.45,55207.56,2020-08-30,02:00:00
37,29969.83461934848,19584.472136856526,Male,Master,73166.8,46721.94,2020-08-31,03:00:00
49,55702.967765089445,12476.398129844989,Male,Bachelor,89278.8,35739.82,2020-09-01,04:00:00
24,59158.786179257346,23800.279818448013,Other,Master,110395.92,53938.73,2020-09-02,05:00:00
58,58396.856718965595,20412.198764672517,Male,Bachelor,115005.32,58293.24,2020-09-03,06:00:00
50,66211.71088331932,12712.242502675348,Other,,123948.3,43683.48,2020-09-04,07:00:00
57,62508.83231823356,18453.954614750684,Male,Bachelor,145190.21,52912.03,2020-09-05,08:00:00
56,56887.70118842655,16239.217972047085,Male,Bachelor,112653.94,46364.27,2020-09-06,09:00:00
35,48947.51432812029,21595.8725520959,Other,PhD,73599.23,48159.68,2020-09-07,10:00:00
57,25085.58599726013,26702.252230115722,Male,High School,93576.37,25121.78,2020-09-08,11:00:00
18,56444.273286988784,10624.137651771278,Female,Master,107695.81,47782.19,2020-09-09,12:00:00
28,53115.31530744667,20575.130395737087,Female,Master,151705.65,59693.69,2020-09-10,13:00:00
45,54073.6825579306,19199.336022166797,Male,PhD,65054.86,43685.97,2020-09-11,14:00:00
42,30848.77136269536,23356.70038225233,Female,,130064.41,50525.26,2020-09-12,15:00:00
40,33784.151893876064,21065.983141188444,Other,,104497.86,42440.49,2020-09-13,16:00:00
48,65797.29279999355,16240.153341305904,Male,High School,120945.76,53604.42,2020-09-14,17:00:00
47,49406.672692150176,18404.73032166691,Male,PhD,97450.13,47834.77,2020-09-15,18:00:00
59,60222.510460589365,16019.870715982555,Other,Master,78939.18,40607.58,2020-09-16,19:00:00
52,50424.77564195692,25380.03569299299,Other,Master,118771.82,63325.51,2020-09-17,20:00:00
24,50446.34209243618,20106.558243359712,Other,High School,116360.78,59289.32,2020-09-18,21:00:00
33,64074.25708963996,29505.95342876504,Male,Master,124301.42,43950.93,2020-09-19,22:00:00
43,42259.32907673939,19696.695930926897,Other,,99667.38,54977.88,2020-09-20,23:00:00
19,51441.811654114754,16457.966165447688,Other,PhD,85004.45,55374.12,2020-09-21,00:00:00
18,43065.87066942436,12431.428036935864,Female,Bachelor,61030.33,56423.01,2020-09-22,01:00:00
29,43482.55658851527,10984.301618720274,Female,High School,120484.33,33057.44,2020-09-23,02:00:00
22,45362.41814797041,12079.320284972551,Male,Bachelor,110597.24,60066.07,2020-09-24,03:00:00
54,53332.00657450569,21335.633255057415,Female,PhD,75855.43,44303.01,2020-09-25,04:00:00
49,42818.77067504784,22543.62511614967,Female,Master,86535.66,46421.72,2020-09-26,05:00:00
26,68836.34188360281,12094.046489839333,Other,Bachelor,88331.03,76378.82,2020-09-27,06:00:00
58,36580.89046670744,24475.19157038058,Other,High School,62925.39,53018.73,2020-09-28,07:00:00
52,47196.92533757961,17584.694741582804,Female,Bachelor,79557.94,46136.78,2020-09-29,08:00:00
36,43404.034125887374,20733.96505992775,Female,Bachelor,71654.24,27947.06,2020-09-30,09:00:00
33,71704.668265306,28061.103141277123,Female,PhD,89688.02,63897.64,2020-10-01,10:00:00
20,52948.32164767362,24484.19657932766,Male,Master,81532.56,36547.9,2020-10-02,11:00:00
37,,18657.34676047084,Male,Bachelor,59324.88,39965.61,2020-10-03,12:00:00
41,27716.59440444542,15544.038872923564,Male,Master,150564.76,46686.48,2020-10-04,13:00:00
50,54005.75398803888,9240.922993353475,Female,High School,131313.52,64164.12,2020-10-05,14:00:00
41,63344.46193435155,16404.2334037879,Female,,80524.51,57732.4,2020-10-06,15:00:00
28,51234.259839131366,18944.34880586153,Male,,106810.53,48421.62,2020-10-07,16:00:00
25,65982.20562598026,15064.102364244081,Male,Bachelor,110436.63,53082.92,2020-10-08,17:00:00
53,42240.673248494415,19343.715164538477,Female,Bachelor,129777.15,43996.14,2020-10-09,18:00:00
55,71140.2116027837,20384.25941479384,Other,Master,79534.87,51396.54,2020-10-10,19:00:00
57,84483.47185428876,18875.720090959607,Male,Master,127302.67,50733.37,2020-10-11,20:00:00
37,,16749.9870958827,Female,,86302.37,59687.7,2020-10-12,21:00:00
52,43317.462178988426,20843.273359833638,Female,Bachelor,66603.44,59671.78,2020-10-13,22:00:00
42,71800.7671567655,22209.703247847046,Other,Bachelor,118103.41,54939.77,2020-10-14,23:00:00
52,73693.58218596068,14548.00461278577,Female,High School,132268.96,46376.52,2020-10-15,00:00:00
42,42157.09959270098,27054.66189873135,Female,Master,164697.72,57418.22,2020-10-16,01:00:00
46,43697.19774356214,19507.059338578692,Male,High School,70006.87,49080.32,2020-10-17,02:00:00
35,45773.230867092396,20094.24811472424,Male,Master,117472.99,39180.86,2020-10-18,03:00:00
63,29833.242334485843,23541.072116282787,Other,PhD,89754.97,45967.12,2020-10-19,04:00:00
35,36220.22080273703,21166.080656317507,Other,PhD,119583.97,50845.27,2020-10-20,05:00:00
19,34937.88849871898,24765.683169566226,Female,Bachelor,63237.76,59102.16,2020-10-21,06:00:00
52,38483.03652343807,21435.620826009123,Male,,68430.76,48164.72,2020-10-22,07:00:00
33,49479.72668919828,16937.81312679781,Other,High School,80603.13,37908.01,2020-10-23,08:00:00
58,53513.22098804781,21807.51762603051,Other,Master,101974.1,50567.42,2020-10-24,09:00:00
53,73257.50739221115,14281.368963396691,Other,PhD,83972.97,51134.56,2020-10-25,10:00:00
50,35024.68938891814,20542.798528882617,Female,High School,116476.36,51858.38,2020-10-26,11:00:00
21,64764.83597714876,19833.850046777698,Male,Bachelor,125672.37,59198.72,2020-10-27,12:00:00
50,46790.16733661736,18959.415713637303,Other,PhD,114989.44,60189.23,2020-10-28,13:00:00
31,49258.044355213504,19357.312442805345,Male,PhD,140469.69,44057.89,2020-10-29,14:00:00
38,60122.29238249906,10590.754772511804,Other,High School,110395.67,43838.57,2020-10-30,15:00:00
37,33159.16967656552,17256.375461295193,Other,,69577.58,39598.01,2020-10-31,16:00:00
25,55736.14619276076,20464.224505705573,Male,High School,134084.41,56988.16,2020-11-01,17:00:00
24,52496.78312319584,20799.281959987,Male,High School,84871.09,64488.2,2020-11-02,18:00:00
20,57386.76896012224,14861.62429537021,Male,PhD,122760.46,46849.18,2020-11-03,19:00:00
34,54337.52965861727,26328.539204323504,Female,,139343.36,47585.69,2020-11-04,20:00:00
50,86829.50209866342,15669.125758927496,Other,PhD,111417.2,64667.83,2020-11-05,21:00:00
29,40433.900236230256,24847.286002633686,Female,High School,62596.03,55055.58,2020-11-06,22:00:00
39,42035.04567497274,22135.971809358423,Male,PhD,77044.7,54362.36,2020-11-07,23:00:00
39,40652.89210362853,16768.863450780984,Other,Bachelor,133068.61,38090.83,2020-11-08,00:00:00
63,41667.843212596184,28876.55446304756,Female,Bachelor,95771.93,56787.28,2020-11-09,01:00:00
47,40439.19309040223,14031.8158412176,Other,Master,101989.34,40708.64,2020-11-10,02:00:00
55,67835.24796661327,24595.770868050007,Female,High School,118970.61,38659.8,2020-11-11,03:00:00
55,71307.56371984782,25002.91159021489,Male,PhD,117408.07,46532.28,2020-11-12,04:00:00
62,41438.805593757854,16646.898954616776,Female,Master,106970.0,44142.07,2020-11-13,05:00:00
25,37514.66640343657,26962.326500321644,Other,High School,94783.29,47784.0,2020-11-14,06:00:00
44,57071.23334579606,18749.767427005238,Other,High School,92183.29,35590.18,2020-11-15,07:00:00
44,41716.65433578543,21443.468146399286,Other,High School,121447.47,59588.16,2020-11-16,08:00:00
51,59493.97726633266,21301.609193856104,Other,High School,113839.24,61276.86,2020-11-17,09:00:00
38,53043.845312769496,19328.45629264726,Male,Master,93567.5,30526.58,2020-11-18,10:00:00
47,27263.838275041522,24054.041365798912,Female,PhD,127052.81,59784.58,2020-11-19,11:00:00
50,,23967.443602761065,Male,High School,96774.15,41894.71,2020-11-20,12:00:00
45,76938.16509643283,11257.340133809095,Male,High School,78708.45,58569.76,2020-11-21,13:00:00
64,40808.16964273421,26521.701214390763,Male,Master,81025.73,49315.54,2020-11-22,14:00:00
50,44184.47660096024,11687.54005982163,Other,PhD,75531.48,50287.76,2020-11-23,15:00:00
22,54287.98086087358,25162.731021708285,Other,,93189.75,48149.02,2020-11-24,16:00:00
36,55016.851849805375,25633.525684137916,Other,Bachelor,130843.11,62121.29,2020-11-25,17:00:00
21,59878.164090092454,14545.167848924008,Female,Master,79872.62,37604.12,2020-11-26,18:00:00
52,80153.06808149524,17945.928560227076,Other,,104711.89,56078.4,2020-11-27,19:00:00
34,47345.79158758926,14471.476657570322,Female,High School,83582.77,61013.3,2020-11-28,20:00:00
61,38025.541331923196,18925.394848556323,Other,Master,93492.27,57163.4,2020-11-29,21:00:00
45,29310.21157978209,18459.828579071294,Other,Master,62248.97,73246.99,2020-11-30,22:00:00
47,39036.04940087121,23898.3026613467,Male,Master,94486.54,44710.53,2020-12-01,23:00:00
46,49503.095406893044,26551.54373059804,Male,Master,95157.37,59573.05,2020-12-02,00:00:00
63,76918.36795276681,26978.41905394978,Male,Master,113507.2,48939.09,2020-12-03,01:00:00
23,42235.830514457426,17189.15986710849,Female,High School,105582.02,62334.06,2020-12-04,02:00:00
52,53356.819274583475,18953.89063127736,Female,,70040.2,49923.11,2020-12-05,03:00:00
58,49753.65655890872,11582.80903889525,Other,High School,127104.96,46121.24,2020-12-06,04:00:00
54,,15970.649667519056,Female,High School,105257.58,63060.72,2020-12-07,05:00:00
41,87903.98638810433,24824.25816548729,Other,Master,104959.84,45084.38,2020-12-08,06:00:00
46,42036.96840619519,28077.91411774116,Female,PhD,99770.44,35872.74,2020-12-09,07:00:00
63,42658.40836222667,13828.25564060039,Female,,87056.06,44831.53,2020-12-10,08:00:00
48,65662.41315603608,17037.678704235528,Female,Master,105445.06,56190.33,2020-12-11,09:00:00
52,60228.37234439467,19867.971215205365,Male,High School,111889.71,63920.39,2020-12-12,10:00:00
50,77700.6098860405,21400.805794098032,Female,,56327.61,51111.29,2020-12-13,11:00:00
38,58758.92277988946,15951.98240039177,Male,PhD,86530.98,63181.97,2020-12-14,12:00:00
49,44610.61863819411,22120.30522232045,Male,Master,93626.33,36418.25,2020-12-15,13:00:00
40,58859.82246038464,17630.80326464542,Female,Master,106404.27,45567.37,2020-12-16,14:00:00
50,66630.55370874362,19927.738645608606,Other,PhD,129832.78,47114.25,2020-12-17,15:00:00
20,124614.46543592092,22731.4212400185,Other,Master,80706.48,48854.41,2020-12-18,16:00:00
35,57609.11046660947,20032.11134905469,Other,PhD,87550.95,50840.94,2020-12-19,17:00:00
42,66000.1203438373,17818.070547367155,Female,High School,87186.65,56909.11,2020-12-20,18:00:00
59,67539.4338566851,19451.950980370846,Other,Master,79961.81,45551.93,2020-12-21,19:00:00
48,70732.38486556291,19558.185203973324,Male,PhD,91320.34,51390.29,2020-12-22,20:00:00
20,59730.64831384464,18149.94485058936,Other,Bachelor,119270.06,49548.77,2020-12-23,21:00:00
57,47493.22879524718,18706.019686664487,Female,Master,73654.11,40741.1,2020-12-24,22:00:00
63,52200.705296499844,27993.235852523583,Other,Bachelor,110695.36,48863.33,2020-12-25,23:00:00
41,68097.63449762535,22804.597239706192,Male,,57452.44,48563.4,2020-12-26,00:00:00
49,37745.964935191456,18522.5984098542,Female,High School,85966.55,48349.19,2020-12-27,01:00:00
64,55530.099633093516,23484.77202255368,Other,Master,91762.77,50317.59,2020-12-28,02:00:00
39,44099.91781508959,18330.90255121995,Female,High School,141871.49,50756.74,2020-12-29,03:00:00
40,50431.17234402226,25865.623187933204,Female,Master,93129.94,45677.05,2020-12-30,04:00:00
19,69176.77793910948,21848.21096099047,Female,High School,44968.91,62727.15,2020-12-31,05:00:00
44,52866.48602029855,19463.489279978854,Other,High School,50027.78,38305.19,2021-01-01,06:00:00
59,50696.54822234223,22238.584629051387,Female,Bachelor,100850.74,42790.3,2021-01-02,07:00:00
19,29602.15788530121,12145.619239657502,Other,PhD,115344.27,77799.64,2021-01-03,08:00:00
43,61193.80349040831,14366.162655450975,Male,High School,109386.4,39620.09,2021-01-04,09:00:00
34,59682.26271711613,14030.374968004722,Other,High School,104189.25,36462.45,2021-01-05,10:00:00
57,82448.8208495819,20714.715473818535,Male,PhD,129056.49,57344.77,2021-01-06,11:00:00
50,45383.32647570499,28662.574997425458,Other,Master,86510.22,29228.8,2021-01-07,12:00:00
26,53287.254914959085,31156.500730963162,Female,PhD,122372.76,47647.26,2021-01-08,13:00:00
60,53740.75525566133,23190.255507203787,Other,High School,59199.63,71458.25,2021-01-09,14:00:00
56,73661.79919645212,22504.222374722285,Female,Master,77376.3,34550.64,2021-01-10,15:00:00
46,48570.567014195716,10994.711329236305,Male,High School,54823.97,30180.36,2021-01-11,16:00:00
59,54185.32288655509,17286.63100132989,Other,High School,93128.87,35008.19,2021-01-12,17:00:00
43,59118.44764574809,16061.081240458805,Female,Master,98843.47,58983.6,2021-01-13,18:00:00
52,52799.13684734537,16895.76200874442,Male,Master,102852.54,61247.77,2021-01-14,19:00:00
42,43303.49578174208,19159.280907076052,Male,PhD,101547.08,44874.11,2021-01-15,20:00:00
41,52911.34989347462,17639.547111514363,Other,Bachelor,76811.17,56832.12,2021-01-16,21:00:00
30,66104.47624789659,10103.500948121062,Male,Bachelor,95243.98,63902.55,2021-01-17,22:00:00
24,34602.270508834095,23739.551280587668,Female,Bachelor,62563.83,67873.46,2021-01-18,23:00:00
53,51994.54511220314,14636.284871300966,Male,,134080.72,47536.65,2021-01-19,00:00:00
62,39498.1877759124,21196.234320555748,Male,,92409.35,26985.28,2021-01-20,01:00:00
37,67925.69943387264,30370.41334874987,Female,Bachelor,87777.85,41791.21,2021-01-21,02:00:00
18,27152.19642824338,15403.077042067882,Male,Bachelor,139723.51,45731.96,2021-01-22,03:00:00
25,41616.17229092617,7348.5623862683515,Male,Master,68943.84,47410.61,2021-01-23,04:00:00
63,55658.17812596781,18569.978890599446,Male,Bachelor,71860.32,48121.41,2021-01-24,05:00:00
33,73482.86043851511,25504.798174992855,Male,PhD,72594.49,61188.95,2021-01-25,06:00:00
31,49013.746083905186,29791.737271102967,Female,Bachelor,98303.22,62744.28,2021-01-26,07:00:00
29,41672.00709960202,13852.252027737915,Male,PhD,110790.79,48283.26,2021-01-27,08:00:00
40,,22483.496116182607,Female,High School,118491.89,60984.85,2021-01-28,09:00:00
32,28279.79149375634,17673.447716099734,Male,Master,164299.88,53576.61,2021-01-29,10:00:00
45,17017.910650698774,19470.25822847932,Male,PhD,43764.19,50645.06,2021-01-30,11:00:00
51,56600.216750799984,33221.716735085174,Male,High School,115218.39,59065.44,2021-01-31,12:00:00
19,42469.18663471083,12485.148358024235,Male,,86071.74,50722.52,2021-02-01,13:00:00
49,34681.5077430393,21268.698307472867,Female,Bachelor,85339.62,70578.11,2021-02-02,14:00:00
40,60625.3467094903,22338.465858827167,Female,,84505.7,35615.89,2021-02-03,15:00:00
39,53657.010706567984,25428.931624696736,Female,Master,77280.76,44848.29,2021-02-04,16:00:00
42,41538.820538949076,20489.915767354476,Other,Bachelor,142113.12,48734.81,2021-02-05,17:00:00
39,30795.434019936583,21540.25269752051,Male,High School,121057.43,54394.53,2021-02-06,18:00:00
39,63086.859924202174,18041.757162891045,Male,,100579.9,62679.6,2021-02-07,19:00:00
59,59753.017669379915,21345.634706225537,Female,High School,133775.39,49756.01,2021-02-08,20:00:00
23,48512.36204330926,18284.038622512948,Other,High School,62186.78,35777.7,2021-02-09,21:00:00
32,77699.554940715,23107.859449280255,Male,High School,66732.37,58425.14,2021-02-10,22:00:00
60,33948.72850510771,18151.94831978183,Female,Bachelor,45550.81,57549.59,2021-02-11,23:00:00
54,27117.122436128917,21885.501969510933,Male,PhD,82514.64,30581.41,2021-02-12,00:00:00
50,39621.378951781335,19853.68593157511,Male,High School,104042.46,49961.96,2021-02-13,01:00:00
25,49316.209754667536,25630.251253860843,Female,High School,102571.46,34098.58,2021-02-14,02:00:00
61,53650.091739840376,19743.03138205757,Female,Master,103733.55,43353.49,2021-02-15,03:00:00
61,46381.459132155054,11134.837658965593,Male,High School,64723.58,40971.91,2021-02-16,04:00:00
22,55280.83094771445,26309.607503569958,Male,High School,120078.87,58092.65,2021-02-17,05:00:00
56,31226.90863714334,15471.338495686905,Female,High School,105990.69,51168.3,2021-02-18,06:00:00
21,,16731.1683067559,Male,PhD,118326.36,37144.09,2021-02-19,07:00:00
23,48767.732324111465,17021.69352978254,Male,PhD,52680.95,58800.66,2021-02-20,08:00:00
62,66759.43747382192,26872.190465854088,Female,Bachelor,107787.27,35661.94,2021-02-21,09:00:00
49,55140.88019566556,9321.628930106523,Male,Master,70305.87,53301.14,2021-02-22,10:00:00
47,56851.29828730676,35688.742668299965,Male,Master,90066.92,41859.89,2021-02-23,11:00:00
64,58546.50920348306,25280.28404533026,Other,Master,113359.12,46343.23,2021-02-24,12:00:00
52,56715.628400259724,21116.1945706458,Female,Master,102277.34,55042.71,2021-02-25,13:00:00
57,59640.84139801316,19725.52999691857,Other,Master,78711.5,55214.49,2021-02-26,14:00:00
33,69937.28795198648,21427.770374288284,Other,Bachelor,100156.83,63369.69,2021-02-27,15:00:00
30,52947.817545522055,22605.61214189669,Other,High School,61711.62,49177.46,2021-02-28,16:00:00
59,60635.05636382769,23226.077929750285,Male,Bachelor,128756.68,53064.51,2021-03-01,17:00:00
47,48653.964585691596,22778.022330017244,Male,PhD,94867.9,45622.63,2021-03-02,18:00:00
36,71601.75823174209,20447.903406276244,Other,Master,127963.75,51819.9,2021-03-03,19:00:00
34,39854.115469110955,19013.30789846337,Other,PhD,86836.71,54394.86,2021-03-04,20:00:00
36,77014.10649366223,19243.63358173244,Other,,86910.6,49016.9,2021-03-05,21:00:00
45,49397.63074033485,19025.458598236593,Male,,80895.33,31962.5,2021-03-06,22:00:00
43,28538.373468229278,25668.850484335322,Other,Master,121904.35,53314.71,2021-03-07,23:00:00
54,51921.56622366184,22967.78361140431,Other,Master,82264.22,53645.61,2021-03-08,00:00:00
43,39784.22513787678,5298.0568266785995,Female,,116114.89,43198.27,2021-03-09,01:00:00
40,62609.65323483086,23279.503882648805,Female,,90438.69,37156.13,2021-03-10,02:00:00
26,40210.640310464136,20973.680973593873,Male,Master,50600.92,64758.79,2021-03-11,03:00:00
29,43307.248501778304,19906.456217770512,Female,High School,85742.15,54914.46,2021-03-12,04:00:00
18,21656.889035817036,18057.40773455557,Female,PhD,70522.29,47709.19,2021-03-13,05:00:00
18,43215.405211263846,25620.56359993007,Female,High School,100847.57,38629.67,2021-03-14,06:00:00
64,13641.81010056565,24737.632310614288,Male,PhD,70239.81,41781.85,2021-03-15,07:00:00
51,26241.45764771415,16135.611660881954,Female,PhD,123149.38,63025.9,2021-03-16,08:00:00
49,61406.21984216446,22035.261435622677,Male,Bachelor,97723.1,51376.62,2021-03-17,09:00:00
42,61787.00237976248,15141.71632729357,Other,Master,95560.1,44494.13,2021-03-18,10:00:00
57,56381.86342677447,13101.909176055347,Female,Bachelor,116397.3,55096.89,2021-03-19,11:00:00
62,35495.3578530618,16866.413877050174,Male,Bachelor,124097.67,41856.02,2021-03-20,12:00:00
18,49284.3296578703,24311.967361913794,Female,Bachelor,99497.53,65008.43,2021-03-21,13:00:00
33,49945.96191364148,24765.625226880435,Other,PhD,80719.99,63528.01,2021-03-22,14:00:00
56,32624.529662111858,22565.427100486464,Male,PhD,55650.76,45334.26,2021-03-23,15:00:00
22,72550.97452650726,23625.478934239985,Male,,82848.76,43713.3,2021-03-24,16:00:00
39,63160.43435863507,22580.89143557479,Male,,84569.69,23818.67,2021-03-25,17:00:00
46,46685.53739255504,16792.592023885238,Other,PhD,102676.44,35184.19,2021-03-26,18:00:00
20,50403.28758491796,22159.612723369704,Other,Master,91371.33,36605.3,2021-03-27,19:00:00
29,53125.74211921329,24002.04762613841,Other,Bachelor,117198.32,51351.9,2021-03-28,20:00:00
43,19373.97697363564,23771.45664906787,Male,High School,84675.42,46737.66,2021-03-29,21:00:00
33,46292.339262191046,25944.566857373215,Other,Bachelor,98573.97,36546.65,2021-03-30,22:00:00
54,39770.23628003302,23541.51923600532,Female,PhD,129599.69,47188.36,2021-03-31,23:00:00
39,34975.69985157627,21757.241037707914,Other,Master,108545.63,55053.37,2021-04-01,00:00:00
46,45783.495606710676,25350.751191582138,Male,Master,98499.06,55278.39,2021-04-02,01:00:00
31,76965.29790274284,19867.3937037547,Female,Bachelor,84951.39,31003.3,2021-04-03,02:00:00
45,,15590.626743861412,Other,Master,84169.22,48717.37,2021-04-04,03:00:00
22,41432.31515325805,19184.66518028118,Female,High School,78734.67,36166.59,2021-04-05,04:00:00
64,58588.74172034238,16275.486775967755,Female,Bachelor,86474.83,59017.29,2021-04-06,05:00:00
47,70990.33154879004,16624.108625128094,Male,Master,118891.65,57841.46,2021-04-07,06:00:00
63,63869.50524369153,19277.406646422412,Female,High School,94452.79,41019.73,2021-04-08,07:00:00
22,50894.45554880261,16037.900395000193,Female,PhD,66255.67,42339.55,2021-04-09,08:00:00
29,40295.94833441639,18460.1923518048,Male,High School,144204.23,45387.33,2021-04-10,09:00:00
33,60473.34970420385,10531.926665231073,Male,Master,107999.13,27472.07,2021-04-11,10:00:00
43,55902.28078132625,21066.468536864693,Male,Bachelor,64826.41,53359.68,2021-04-12,11:00:00
43,63427.89830041598,20006.027376811122,Female,Master,88953.78,47271.55,2021-04-13,12:00:00
38,,15914.556844659048,Female,High School,102772.16,59701.75,2021-04-14,13:00:00
56,65743.29072979002,23296.228342162027,Female,High School,142614.8,39015.91,2021-04-15,14:00:00
53,41971.47182659148,24687.850688132792,Male,PhD,72297.19,43808.77,2021-04-16,15:00:00
50,,11962.200678155128,Other,Bachelor,124401.02,34934.75,2021-04-17,16:00:00
47,52963.994070386,16186.37610716893,Female,PhD,134987.16,39957.09,2021-04-18,17:00:00
54,81128.91308937898,16154.28825106351,Other,,84283.64,38180.18,2021-04-19,18:00:00
40,39662.18272865648,15300.484494455677,Male,High School,93062.16,59959.74,2021-04-20,19:00:00
27,76039.45704747873,24147.37420965874,Female,Bachelor,74092.27,43017.38,2021-04-21,20:00:00
22,52968.66175193972,19030.86930613598,Other,Master,94913.47,51241.76,2021-04-22,21:00:00
53,40228.72994578327,18677.425793446946,Female,,99085.25,46192.37,2021-04-23,22:00:00
51,42741.71248918518,9980.688177966233,Female,PhD,116491.25,37305.35,2021-04-24,23:00:00
48,45194.7903770852,23177.090151046134,Female,Master,127254.59,48317.0,2021-04-25,00:00:00
27,56362.48919602875,13803.708025732638,Other,,81297.6,55991.03,2021-04-26,01:00:00
36,57842.5323205325,20299.663151331642,Male,High School,50816.87,37922.41,2021-04-27,02:00:00
49,41394.49994092131,21386.884689790957,Female,,99468.88,58091.13,2021-04-28,03:00:00
18,49634.68111608526,26803.292979193255,Male,,107338.44,41502.79,2021-04-29,04:00:00
22,82134.05537917795,13455.89800440444,Male,High School,106235.44,45170.16,2021-04-30,05:00:00
62,75913.14755151067,4902.4392208958725,Other,Bachelor,91833.17,55306.83,2021-05-01,06:00:00
21,56544.85504511048,20919.247723768472,Other,,103118.8,43365.64,2021-05-02,07:00:00
33,50570.05217252301,29002.55590755427,Male,Bachelor,137886.12,50375.75,2021-05-03,08:00:00
41,51800.46990077392,26194.731764697186,Female,PhD,109543.35,46853.09,2021-05-04,09:00:00
33,59202.769590956246,21048.29707637313,Other,Bachelor,90665.79,51293.68,2021-05-05,10:00:00
19,,17541.819071839764,Female,High School,87495.05,26192.61,2021-05-06,11:00:00
45,46139.35193864982,24035.61298318655,Female,Bachelor,95753.69,31703.18,2021-05-07,12:00:00
49,24971.238891836158,15132.269001477656,Female,,140918.5,56159.67,2021-05-08,13:00:00
44,55988.34683907919,22381.788846781095,Male,Master,95417.48,60371.81,2021-05-09,14:00:00
37,59707.939095541115,22527.350795833136,Female,Bachelor,99505.14,40895.13,2021-05-10,15:00:00
41,42752.20306550939,25301.0495374944,Male,High School,87942.16,47559.72,2021-05-11,16:00:00
29,73609.80144935049,33798.300194555384,Male,,127474.58,52947.19,2021-05-12,17:00:00
52,31613.515054964882,21962.079835893834,Female,PhD,148995.93,56932.18,2021-05-13,18:00:00
50,28034.376796852695,17455.181871462504,Female,,111265.33,29723.23,2021-05-14,19:00:00
50,53366.77727839958,19872.12843904003,Female,High School,102069.32,41139.6,2021-05-15,20:00:00
60,65706.47453918232,11154.62047555441,Female,High School,100919.57,46674.21,2021-05-16,21:00:00
54,75258.91537186803,16526.43434455471,Male,High School,40392.33,57031.4,2021-05-17,22:00:00
29,43116.7360569659,17953.58780943448,Female,,118628.77,74984.3,2021-05-18,23:00:00
20,66180.21250146943,17379.558010327037,Female,PhD,103354.16,47719.94,2021-05-19,00:00:00
18,49422.372957489395,20761.77436016861,Male,Bachelor,110708.55,35930.23,2021-05-20,01:00:00
50,47410.59050088771,15887.900338088997,Other,PhD,82213.45,54022.68,2021-05-21,02:00:00
57,63254.89906230009,25605.15333662236,Other,,90388.58,63209.96,2021-05-22,03:00:00
27,59784.84317620129,20001.035324590986,Male,Master,89724.38,51080.14,2021-05-23,04:00:00
60,26354.11764523626,19953.498394306927,Other,Master,125540.57,40933.51,2021-05-24,05:00:00
61,72148.10524588844,18360.526417435412,Male,High School,90531.0,59579.94,2021-05-25,06:00:00
46,70701.37031221177,20775.953419294896,Female,Bachelor,152066.51,56635.46,2021-05-26,07:00:00
30,40616.55947735706,24125.491323338174,Female,,110771.56,39739.19,2021-05-27,08:00:00
29,55937.05300156114,15664.348921445498,Other,High School,68107.93,53814.26,2021-05-28,09:00:00
48,57410.45279424108,16709.417554623717,Female,Bachelor,96786.34,59972.66,2021-05-29,10:00:00
63,53910.10648735861,18481.369856116675,Other,Master,83708.12,61818.9,2021-05-30,11:00:00
19,41745.422692318694,13270.645382633926,Other,,45140.44,49335.51,2021-05-31,12:00:00
52,39925.64948092923,15903.710701392512,Female,Bachelor,139986.77,46419.21,2021-06-01,13:00:00
40,49616.688935128324,17618.895632276704,Female,PhD,117578.56,62272.74,2021-06-02,14:00:00
34,67590.93528889047,24371.94590356364,Other,Bachelor,113330.18,37898.39,2021-06-03,15:00:00
43,58154.002318916486,21312.806645009623,Female,PhD,104135.09,54385.79,2021-06-04,16:00:00
25,44440.78501870841,20967.94955683772,Male,Master,65449.56,36299.73,2021-06-05,17:00:00
46,61575.48065972517,24254.489810839863,Female,,87909.57,60653.76,2021-06-06,18:00:00
43,7271.8606905488705,19313.141058003017,Female,Bachelor,121044.52,47419.54,2021-06-07,19:00:00
27,67231.48550558156,21952.324249644447,Male,Master,73719.5,62685.83,2021-06-08,20:00:00
43,23904.293318328506,19483.89123533752,Female,Master,36705.77,54914.13,2021-06-09,21:00:00
51,44563.38587895302,21326.81174699814,Female,Bachelor,94322.35,37767.8,2021-06-10,22:00:00
58,33204.95158060784,17086.20671194209,Other,High School,96456.06,64246.28,2021-06-11,23:00:00
24,30579.777864186413,7805.9142086178545,Female,High School,103389.09,65512.45,2021-06-12,00:00:00
21,67412.4018106778,19328.60418906848,Female,High School,118212.97,58822.86,2021-06-13,01:00:00
62,42984.48198032163,27113.7406804997,Male,PhD,115940.15,42384.12,2021-06-14,02:00:00
28,55197.55822596073,24631.077011207963,Other,High School,106469.25,46939.86,2021-06-15,03:00:00
46,49296.19131681224,24826.987422955855,Other,High School,129888.28,51454.27,2021-06-16,04:00:00
53,57155.612408346824,26180.65360903109,Other,Master,62025.76,42962.9,2021-06-17,05:00:00
42,51152.32836590383,20443.287954807187,Female,Bachelor,112614.55,66923.47,2021-06-18,06:00:00
38,30755.116637171457,20986.578537027977,Other,,115663.46,51443.26,2021-06-19,07:00:00
53,64944.002291707104,16911.740522828248,Male,High School,69010.94,22966.52,2021-06-20,08:00:00
27,42593.65125258031,18419.635719864753,Other,,62428.23,53393.56,2021-06-21,09:00:00
54,26651.271520103735,23078.85574885571,Male,PhD,81351.45,46518.43,2021-06-22,10:00:00
26,43578.27258551131,26019.42218584408,Other,PhD,83461.46,49250.73,2021-06-23,11:00:00
41,72511.39685951466,19302.768621595,Other,Bachelor,118835.49,46313.81,2021-06-24,12:00:00
52,62753.32613170239,17749.053675742944,Male,PhD,84636.53,58070.46,2021-06-25,13:00:00
52,44770.21798388211,20002.639794282986,Other,High School,78591.29,61196.88,2021-06-26,14:00:00
53,44761.13443522357,23006.033744645574,Other,High School,84709.16,52830.53,2021-06-27,15:00:00
35,45175.47423173926,12780.72591933229,Other,High School,127965.81,46606.89,2021-06-28,16:00:00
56,81151.21975341262,8519.095234313809,Female,Master,100326.08,49586.63,2021-06-29,17:00:00
49,55729.0317834733,17247.315752542083,Male,Bachelor,95518.72,50196.0,2021-06-30,18:00:00
41,,13896.437870429207,Other,Master,97249.86,41975.7,2021-07-01,19:00:00
40,65454.25181047763,17459.299011763447,Male,High School,132301.51,55789.29,2021-07-02,20:00:00
49,53581.8373853977,19261.098405912642,Male,Bachelor,81270.71,54600.42,2021-07-03,21:00:00
54,46114.36781268945,17733.75795488493,Male,Master,132887.71,65404.41,2021-07-04,22:00:00
29,47054.75226372533,27262.337672353726,Other,,105262.41,62553.5,2021-07-05,23:00:00
30,48925.98110878904,21633.7238230116,Other,Master,95989.52,43143.25,2021-07-06,00:00:00
40,49441.66645235238,21502.37179805414,Male,High School,162522.51,58202.98,2021-07-07,01:00:00
42,60914.4431545547,23111.03572021701,Female,PhD,73609.01,40490.47,2021-07-08,02:00:00
52,50779.18828710949,14305.834411096155,Male,Master,91157.86,56959.32,2021-07-09,03:00:00
58,60989.60115823369,25195.55893710134,Female,High School,69189.22,44833.86,2021-07-10,04:00:00
47,48789.251298371266,19621.178567322702,Male,High School,123811.55,39767.47,2021-07-11,05:00:00
34,51179.52785474136,23352.40308620606,Male,Master,142229.72,52800.45,2021-07-12,06:00:00
37,20026.989732018385,14640.713834799222,Male,PhD,141748.07,23254.33,2021-07-13,07:00:00
42,63744.91512053722,12231.206169919678,Other,Bachelor,130598.72,32490.24,2021-07-14,08:00:00
39,55197.32713846989,24089.448290125143,Female,Bachelor,95059.49,48225.08,2021-07-15,09:00:00
30,64970.15164789478,21882.047630487585,Female,PhD,90868.98,50824.42,2021-07-16,10:00:00
36,6556.1693270946635,15489.742228212448,Male,,58220.76,46306.81,2021-07-17,11:00:00
53,81325.62057171091,15651.684593626527,Other,,150896.84,34205.64,2021-07-18,12:00:00
29,47906.15557767239,25627.173922073845,Other,Bachelor,111724.45,41821.08,2021-07-19,13:00:00
58,,14052.940535663362,Female,High School,87701.08,53912.09,2021-07-20,14:00:00
36,34401.411093117036,28213.364766279818,Other,Master,133201.42,55817.82,2021-07-21,15:00:00
29,59191.608575938546,15496.896326760656,Female,Bachelor,75680.89,49837.77,2021-07-22,16:00:00
26,34198.76655239516,23191.959628041914,Female,,110165.55,61568.34,2021-07-23,17:00:00
24,40643.465589562926,18356.907621255075,Female,Bachelor,95684.27,53973.97,2021-07-24,18:00:00
45,78710.4703080018,23015.937155411717,Other,Bachelor,115966.93,42525.44,2021-07-25,19:00:00
31,47139.7639885498,17279.429989429038,Female,Master,98410.66,47194.98,2021-07-26,20:00:00
48,53261.49309769584,19186.03546963853,Female,PhD,63726.8,35971.34,2021-07-27,21:00:00
36,63051.015960331315,20204.595876978605,Male,PhD,101889.41,48918.61,2021-07-28,22:00:00
64,57435.22831958907,14989.062721092636,Female,Bachelor,126221.6,61121.01,2021-07-29,23:00:00
33,52256.28357715365,23704.121727100628,Female,Master,99269.59,56852.9,2021-07-30,00:00:00
22,55474.41503699338,17433.932167642073,Male,,119377.88,64020.09,2021-07-31,01:00:00
52,,18857.000423299905,Male,,73861.76,46971.15,2021-08-01,02:00:00
29,49135.71804449622,15028.25312695744,Other,High School,99343.48,63461.0,2021-08-02,03:00:00
42,53016.485700724515,7188.331706023448,Female,Bachelor,84387.24,48066.96,2021-08-03,04:00:00
38,65759.81594011417,19044.861186999155,Other,High School,118674.52,64715.85,2021-08-04,05:00:00
53,66582.88899436976,32063.07710806458,Other,PhD,100787.29,49781.43,2021-08-05,06:00:00
40,67805.4545834057,23923.02143949012,Male,Bachelor,117251.84,57072.31,2021-08-06,07:00:00
33,59580.95333043777,19903.698101328027,Other,,127192.76,64751.12,2021-08-07,08:00:00
56,32854.92630904275,18685.54585395866,Female,Master,117290.46,48065.72,2021-08-08,09:00:00
62,74501.47298451644,20112.329464060233,Male,Master,106827.96,52183.89,2021-08-09,10:00:00
59,32804.81910471968,22735.59557587605,Female,Master,75044.69,62888.63,2021-08-10,11:00:00
56,54539.531978585495,14095.935923455776,Female,High School,99930.35,48669.97,2021-08-11,12:00:00
31,38685.86224970963,25571.60847334436,Male,Bachelor,86672.74,36791.08,2021-08-12,13:00:00
48,49037.92480110511,23576.90657720622,Female,High School,91398.4,71430.07,2021-08-13,14:00:00
22,,23590.928628539674,Male,Master,90636.65,45302.36,2021-08-14,15:00:00
52,54820.35823175409,22192.378694048635,Female,Bachelor,75501.86,51587.56,2021-08-15,16:00:00
40,56328.81131352927,20098.08328846995,Male,PhD,51066.54,61560.07,2021-08-16,17:00:00
46,,23364.3061798341,Other,High School,83296.42,43915.06,2021-08-17,18:00:00
60,56803.014522709695,22959.07066870689,Female,High School,104834.49,39921.32,2021-08-18,19:00:00
28,46337.65047064027,18229.79644529488,Male,Bachelor,66295.57,52537.37,2021-08-19,20:00:00
35,64461.307524325355,17131.991135515495,Female,PhD,100392.06,32069.24,2021-08-20,21:00:00
64,67842.05733386961,20509.281476309934,Female,Master,147506.71,47120.94,2021-08-21,22:00:00
29,31585.88277294511,27745.100757475935,Female,Bachelor,125576.41,52450.39,2021-08-22,23:00:00
26,58961.00104774787,13804.464621730494,Male,Master,141088.54,47300.48,2021-08-23,00:00:00
27,60517.591134663475,12662.3736712378,Other,High School,109778.2,34565.49,2021-08-24,01:00:00
61,45536.54744960012,20823.804206182584,Other,,129187.75,65941.78,2021-08-25,02:00:00
34,70635.6021996743,20254.43850928009,Other,Master,81900.88,51035.38,2021-08-26,03:00:00
55,47749.1661945121,20866.708321852042,Male,Bachelor,83891.49,64311.52,2021-08-27,04:00:00
24,51883.64680207313,21219.765989542502,Other,Master,31521.49,47399.64,2021-08-28,05:00:00
63,47403.922635741954,18883.988726825974,Male,High School,129653.64,41199.88,2021-08-29,06:00:00
30,50233.685713722014,27449.31719301041,Female,,138508.1,52691.81,2021-08-30,07:00:00
57,33555.87369657197,11995.480107617423,Female,High School,86170.57,47842.13,2021-08-31,08:00:00
59,28399.236761085584,15857.51487609877,Other,Master,93651.21,38222.39,2021-09-01,09:00:00
26,73917.57594837458,19483.726199254765,Male,High School,81153.45,64697.84,2021-09-02,10:00:00
44,37295.57977522508,11784.055944229163,Female,Master,109566.34,43777.3,2021-09-03,11:00:00
19,35129.114758155396,19120.727977839644,Male,,128123.31,31597.34,2021-09-04,12:00:00
22,17699.148295944276,28307.35082864009,Male,Master,56430.7,63281.66,2021-09-05,13:00:00
46,40415.57378465746,20104.43244147981,Female,Master,110235.96,44957.02,2021-09-06,14:00:00
54,30153.653098887524,21153.504528593417,Male,PhD,93083.21,43921.76,2021-09-07,15:00:00
55,74630.22740204554,13699.176174137097,Female,High School,102834.86,32346.12,2021-09-08,16:00:00
36,65147.25634013952,16918.19295980261,Female,Bachelor,111474.85,67409.41,2021-09-09,17:00:00
25,,18124.018098380315,Female,High School,95294.94,37105.19,2021-09-10,18:00:00
62,83786.53708016463,18411.42451621883,Male,,97410.33,50584.49,2021-09-11,19:00:00
18,64726.48230487391,26408.218975018845,Female,Bachelor,94653.12,59126.2,2021-09-12,20:00:00
39,45127.529247370665,22788.455303625622,Male,Master,124257.91,54217.17,2021-09-13,21:00:00
34,12508.914276896401,14442.71021531484,Female,Master,110469.0,49403.46,2021-09-14,22:00:00
24,84364.13858886113,21232.523892160025,Female,High School,105514.59,32983.34,2021-09-15,23:00:00
42,29156.41299854606,22491.108742483924,Other,High School,68226.21,41902.75,2021-09-16,00:00:00
62,25319.01879564662,25700.745192606333,Other,Bachelor,90535.51,51878.0,2021-09-17,01:00:00
21,65338.5564801446,27902.703432841867,Other,Bachelor,122466.73,42128.26,2021-09-18,02:00:00
53,86596.28609508909,14924.529040860656,Male,High School,100942.41,52033.59,2021-09-19,03:00:00
23,70764.09227765776,15945.712443948309,Male,High School,116488.29,56817.43,2021-09-20,04:00:00
48,58458.636800785396,13712.11070542692,Female,PhD,144162.8,59625.03,2021-09-21,05:00:00
36,58921.315124979286,18829.900704465093,Female,,125965.15,37738.21,2021-09-22,06:00:00
61,62801.23338170462,22331.79187223167,Female,Bachelor,102328.96,71966.46,2021-09-23,07:00:00
56,61383.92884680148,24936.67258294551,Female,Bachelor,87225.27,57674.79,2021-09-24,08:00:00
44,54217.87135954064,19620.244881787385,Male,High School,36161.26,49982.86,2021-09-25,09:00:00
27,51563.01655927814,18400.76238372578,Female,Master,95790.38,60895.37,2021-09-26,10:00:00
43,49061.103081507164,20758.789961243703,Female,PhD,91849.69,73654.08,2021-09-27,11:00:00
36,38690.531166999855,15824.285491849885,Other,,109759.15,35612.8,2021-09-28,12:00:00
56,45789.87384699839,30447.693608473866,Female,High School,96152.37,47747.37,2021-09-29,13:00:00
20,24605.647787069218,11961.694864409706,Female,PhD,91990.37,26215.68,2021-09-30,14:00:00
62,48524.90559807875,20923.70289447862,Female,Master,55515.03,51926.52,2021-10-01,15:00:00
30,35171.133392736236,30118.031096148196,Male,High School,76500.8,53653.94,2021-10-02,16:00:00
45,33446.160241763435,20033.99922279999,Other,Master,111916.28,49608.38,2021-10-03,17:00:00
37,52698.41226730218,19049.804824992527,Female,Bachelor,142897.69,43454.66,2021-10-04,18:00:00
45,70880.034295169,18212.772885947863,Female,Bachelor,97561.87,29504.85,2021-10-05,19:00:00
25,63774.7490900347,19098.04159118796,Other,PhD,108195.28,53735.34,2021-10-06,20:00:00
58,26442.490945652346,26864.24237338265,Female,PhD,123811.95,64554.34,2021-10-07,21:00:00
56,35155.57795144494,8940.690443352465,Male,Bachelor,79727.65,44089.82,2021-10-08,22:00:00
18,64111.567819823234,27667.168506481627,Female,PhD,109170.35,54400.6,2021-10-09,23:00:00
20,35262.68909692536,12880.214237749275,Male,Bachelor,81487.75,34318.56,2021-10-10,00:00:00
30,46630.50275004463,18666.738353827925,Male,PhD,121620.61,54572.13,2021-10-11,01:00:00
45,58250.78148536828,17853.77789850669,Female,Bachelor,103785.08,46066.18,2021-10-12,02:00:00
42,35474.83317704547,22942.766348853598,Other,PhD,107461.3,42375.82,2021-10-13,03:00:00
50,51580.6325921894,12009.378240581262,Male,PhD,80435.04,42396.36,2021-10-14,04:00:00
55,29989.617576226934,22310.863330409713,Other,High School,117675.81,46063.88,2021-10-15,05:00:00
23,40979.48534073179,30121.548116434264,Female,PhD,152117.82,53824.33,2021-10-16,06:00:00
61,54796.72901213806,13184.129977035947,Male,PhD,74802.21,36878.37,2021-10-17,07:00:00
62,26105.09399702496,20948.53083805198,Female,PhD,91506.02,46028.85,2021-10-18,08:00:00
49,56607.121069405985,16690.089111016954,Other,High School,105790.19,49585.28,2021-10-19,09:00:00
62,49705.433016099785,22129.43603096518,Female,PhD,119660.16,39009.61,2021-10-20,10:00:00
64,58287.34931625721,20095.73888707876,Female,PhD,86011.34,67966.65,2021-10-21,11:00:00
38,53358.712010969924,16792.56545477845,Male,Bachelor,29174.24,41465.05,2021-10-22,12:00:00
33,,22439.36142435537,Female,,133979.74,43305.63,2021-10-23,13:00:00
38,51878.36753971861,29021.740548933718,Female,High School,119012.65,40216.92,2021-10-24,14:00:00
28,43558.91688312121,19045.481041363506,Female,High School,56426.31,67984.8,2021-10-25,15:00:00
54,51834.46254548425,23598.789710740908,Male,Master,84810.78,55529.05,2021-10-26,16:00:00
53,58149.470435545816,13533.635210644181,Other,Master,139204.56,40634.08,2021-10-27,17:00:00
52,50732.901054885566,15217.818115909955,Other,Master,136194.91,61062.32,2021-10-28,18:00:00
36,50608.87536805824,22362.031389401887,Female,High School,123466.0,52006.99,2021-10-29,19:00:00
37,39470.12468289867,27420.580142679824,Male,,95597.19,52572.53,2021-10-30,20:00:00
35,80112.97247347156,21778.0667439283,Female,High School,102074.69,46555.23,2021-10-31,21:00:00
64,28960.920923004596,18434.709847384227,Other,High School,96726.85,42505.84,2021-11-01,22:00:00
58,76243.65114780409,19996.457027116772,Male,High School,128205.99,53377.66,2021-11-02,23:00:00
31,31342.051469130725,13747.961330151413,Other,Master,78103.94,44549.13,2021-11-03,00:00:00
32,39606.42203306139,23022.576631776836,Other,PhD,79855.01,68167.56,2021-11-04,01:00:00
48,,24411.665311617046,Male,,125256.86,37307.09,2021-11-05,02:00:00
18,63423.86565416662,17739.5483358346,Male,PhD,98890.96,65361.57,2021-11-06,03:00:00
20,45575.75482561958,17649.78926120249,Female,High School,134461.68,48886.81,2021-11-07,04:00:00
33,68716.131090106,21329.39114826024,Female,Master,83212.19,52990.86,2021-11-08,05:00:00
40,39897.640636341974,17816.401319797023,Other,Bachelor,98630.54,58331.58,2021-11-09,06:00:00
28,54184.91243335703,19669.33692687089,Male,Bachelor,76939.68,43697.51,2021-11-10,07:00:00
29,37469.794201103636,30498.608945832577,Male,High School,100184.07,58642.48,2021-11-11,08:00:00
27,82177.23691660083,18764.871496270018,Female,Master,63036.33,22924.56,2021-11-12,09:00:00
49,,18208.299239893888,Other,Master,87809.16,42800.1,2021-11-13,10:00:00
33,54647.31065340541,16762.290971824204,Other,PhD,64093.65,40759.37,2021-11-14,11:00:00
25,59506.65321398148,23720.959857499685,Female,Bachelor,117348.08,37464.94,2021-11-15,12:00:00
55,56206.986461772474,19093.879133909486,Male,High School,117914.73,47850.45,2021-11-16,13:00:00
29,47220.68511683438,16753.13480839287,Female,Master,56743.43,53857.5,2021-11-17,14:00:00
41,48052.689503998605,26606.52016136506,Female,High School,133347.14,57026.6,2021-11-18,15:00:00
45,50657.17207968664,27098.015022568186,Female,PhD,162435.38,52408.77,2021-11-19,16:00:00
25,47794.96997557267,16997.882171306475,Female,Master,101150.16,43343.07,2021-11-20,17:00:00
45,64458.18675192365,10667.300243196918,Male,High School,83972.14,53690.16,2021-11-21,18:00:00
53,83157.84502387026,25037.56844918461,Female,,170608.26,51242.86,2021-11-22,19:00:00
43,41637.623224882496,16576.850871199982,Male,Master,67025.79,59360.56,2021-11-23,20:00:00
25,29452.955306313834,23953.127995813844,Female,,100502.66,57769.37,2021-11-24,21:00:00
45,48675.76927473118,10149.480911440822,Other,Master,104490.56,50304.76,2021-11-25,22:00:00
45,88695.64006481477,24462.986691496546,Male,Bachelor,133628.69,41027.47,2021-11-26,23:00:00
54,37944.88148045404,13944.140353596093,Other,PhD,108993.47,43470.5,2021-11-27,00:00:00
58,74586.75208166102,23653.82059533262,Female,PhD,87534.15,44502.11,2021-11-28,01:00:00
53,75165.51221114662,20071.36533918217,Female,,76220.39,46847.34,2021-11-29,02:00:00
44,41696.176374380084,15230.302903016775,Female,Master,91454.45,52680.5,2021-11-30,03:00:00
34,58534.74618777913,17964.818435366098,Male,Bachelor,74826.82,57151.74,2021-12-01,04:00:00
26,74425.94934692807,23431.592284783503,Other,PhD,101195.63,49488.81,2021-12-02,05:00:00
50,44313.08388518769,20529.472265576173,Male,High School,85895.1,50161.25,2021-12-03,06:00:00
37,,22922.06490236242,Male,Master,62649.06,51433.06,2021-12-04,07:00:00
30,41274.786290770346,29882.202922577428,Female,Master,131378.64,44840.95,2021-12-05,08:00:00
45,34778.649039607,12178.791941444742,Other,High School,87558.19,40746.08,2021-12-06,09:00:00
46,40260.83682400989,28086.06287484312,Female,,68296.58,32445.62,2021-12-07,10:00:00
30,31640.895998566153,20521.779687616065,Male,PhD,95793.52,43048.51,2021-12-08,11:00:00
63,50511.25202388839,15506.07975838436,Female,PhD,101709.29,54731.45,2021-12-09,12:00:00
52,38450.40153412038,13348.43187130505,Other,High School,56338.33,42970.89,2021-12-10,13:00:00
23,53506.788676861215,19054.39804611483,Female,High School,108291.19,47621.93,2021-12-11,14:00:00
35,26661.56530694559,24608.250559622298,Other,,73821.06,54664.31,2021-12-12,15:00:00
22,54963.20348321686,19362.254398112327,Other,PhD,142775.72,55206.89,2021-12-13,16:00:00
64,62502.93442413387,27555.774651236738,Female,High School,113099.01,39204.67,2021-12-14,17:00:00
42,20093.96536142817,12744.121549742205,Male,Master,90002.5,59970.59,2021-12-15,18:00:00
19,55610.848547713584,19939.55526076973,Female,High School,81370.81,61273.5,2021-12-16,19:00:00
27,68415.03488709938,13738.032777934404,Male,Master,97375.81,38701.5,2021-12-17,20:00:00
47,31855.38471963192,21818.15941312484,Male,Bachelor,115319.77,41761.63,2021-12-18,21:00:00
62,75088.58580256555,24434.436950486503,Female,PhD,99362.65,61910.91,2021-12-19,22:00:00
22,56285.285140490676,17896.191031594735,Male,High School,94571.03,48531.46,2021-12-20,23:00:00
50,39424.82216362387,6978.930716864328,Male,Master,101459.26,27802.22,2021-12-21,00:00:00
18,49163.46383513441,20994.74073398247,Female,High School,84903.53,36003.18,2021-12-22,01:00:00
35,58374.903687825834,22183.69275866755,Female,Master,91419.85,47506.3,2021-12-23,02:00:00
49,51140.080871186176,22021.473774808488,Female,PhD,47855.19,38369.57,2021-12-24,03:00:00
64,,26178.91095911077,Male,High School,124343.16,45865.76,2021-12-25,04:00:00
28,,14644.731601754756,Other,,107469.94,50323.96,2021-12-26,05:00:00
38,52540.41236054117,23401.08052725225,Male,Master,80663.6,64622.55,2021-12-27,06:00:00
43,28794.282546425296,25962.537562389873,Other,,147468.37,47095.46,2021-12-28,07:00:00
42,48331.60907976949,11107.062079967416,Female,Bachelor,102175.41,60725.42,2021-12-29,08:00:00
39,36441.38537802815,21598.259129594888,Other,,74096.41,64287.6,2021-12-30,09:00:00
44,38967.050861153504,17479.100844961642,Female,Master,121418.44,64343.1,2021-12-31,10:00:00
30,68541.39762815656,19592.38663449177,Female,PhD,109951.21,52847.55,2022-01-01,11:00:00
50,66369.65180891403,21738.382417691682,Other,High School,109864.5,30367.11,2022-01-02,12:00:00
51,59137.071813607654,17563.857179432238,Female,Master,89356.11,54608.25,2022-01-03,13:00:00
58,33615.308529911315,16621.45960419194,Other,PhD,111262.39,60484.0,2022-01-04,14:00:00
52,45253.87325457797,20170.762087440122,Female,PhD,93456.04,49189.33,2022-01-05,15:00:00
18,68196.46549968775,14563.770305685986,Male,Master,113898.54,67445.84,2022-01-06,16:00:00
38,52125.753704598574,14570.874355574073,Male,,52376.39,58598.34,2022-01-07,17:00:00
23,84789.94309972541,23396.86641478252,Female,Master,89153.16,55682.73,2022-01-08,18:00:00
45,55899.76759091558,14256.029824206718,Female,Bachelor,143053.88,60863.81,2022-01-09,19:00:00
34,52880.73674735047,23331.56250454606,Other,PhD,80823.31,53333.7,2022-01-10,20:00:00
22,45363.25303696248,22312.956464269755,Male,Bachelor,84904.04,25071.9,2022-01-11,21:00:00
48,52003.11357173423,11370.966356047016,Other,Bachelor,88800.97,45008.61,2022-01-12,22:00:00
22,47712.952454291844,16612.176738321723,Female,Bachelor,69629.85,61971.68,2022-01-13,23:00:00
55,60621.630150328856,25970.54701523686,Female,PhD,44792.98,41924.09,2022-01-14,00:00:00
20,64350.53475191876,15094.17234430159,Other,PhD,94235.34,47765.27,2022-01-15,01:00:00
40,38210.158092380756,17677.978688453062,Female,Bachelor,103396.49,39551.64,2022-01-16,02:00:00
54,30031.50569663333,22310.304466259484,Male,Bachelor,98687.37,67839.23,2022-01-17,03:00:00
54,22456.919403450553,23916.952546412977,Other,Bachelor,96378.04,66814.92,2022-01-18,04:00:00
27,57619.86990368816,18742.30556977752,Male,Master,101076.02,41161.31,2022-01-19,05:00:00
27,,17012.44902654179,Male,High School,125571.04,51472.98,2022-01-20,06:00:00
36,17706.64110571276,27111.84930849254,Male,PhD,95238.85,43195.06,2022-01-21,07:00:00
34,55828.67906796446,28694.498318987895,Other,Bachelor,85647.94,56149.45,2022-01-22,08:00:00
38,87394.99276149186,24894.290253908977,Female,Bachelor,92971.86,55096.83,2022-01-23,09:00:00
31,49908.9363269016,20426.59071282512,Male,,114483.67,58117.06,2022-01-24,10:00:00
26,62577.36161677463,15958.671391795368,Male,High School,135300.67,53319.18,2022-01-25,11:00:00
63,51227.440378213476,15847.777967217175,Male,PhD,84296.41,79354.06,2022-01-26,12:00:00
18,48516.65520213286,22612.57052632879,Female,,102473.34,39720.76,2022-01-27,13:00:00
62,63786.14724481653,22091.99110444342,Female,High School,108458.94,32893.97,2022-01-28,14:00:00
30,45645.88183717023,27007.992964732148,Other,Bachelor,75185.55,46069.1,2022-01-29,15:00:00
21,54010.88471107854,23252.250462680695,Female,,100510.43,34320.12,2022-01-30,16:00:00
18,54825.467092940205,12484.59849120091,Other,High School,63358.15,35075.38,2022-01-31,17:00:00
57,39978.64319535427,25259.73808861459,Other,Bachelor,55773.74,39986.85,2022-02-01,18:00:00
49,64880.635243047844,15009.696863427936,Other,Master,109168.66,40778.11,2022-02-02,19:00:00
51,47375.60364956887,18080.143640238242,Other,Master,90403.13,40453.82,2022-02-03,20:00:00
45,38663.82260760733,21251.00103125847,Other,Bachelor,105057.01,55182.19,2022-02-04,21:00:00
48,58047.64765355605,29978.33744891982,Male,Bachelor,99552.63,44938.11,2022-02-05,22:00:00
25,,35549.592780026804,Female,,75590.0,48204.85,2022-02-06,23:00:00
56,50422.717360536924,23033.615295680913,Male,Bachelor,98868.64,58942.33,2022-02-07,00:00:00
43,49863.21505033695,19084.01690639806,Other,Bachelor,69172.47,42336.77,2022-02-08,01:00:00
51,66288.43348747367,22672.52824240275,Female,High School,134774.31,47354.54,2022-02-09,02:00:00
20,57120.47349319929,24438.27712936918,Male,Bachelor,66100.74,53657.6,2022-02-10,03:00:00
29,49624.595618822845,18396.66187221404,Male,PhD,95105.37,30584.32,2022-02-11,04:00:00
18,62266.494488004304,28976.05677956161,Other,High School,73943.21,26150.94,2022-02-12,05:00:00
61,70853.1132352597,21150.35379595701,Male,Master,114260.53,53461.17,2022-02-13,06:00:00
22,58367.154595277934,22488.71544545697,Male,High School,91714.22,54920.14,2022-02-14,07:00:00
47,,23329.621260272306,Male,Bachelor,87033.33,70642.2,2022-02-15,08:00:00
47,30322.456514747606,22107.93305307228,Male,PhD,121330.04,51580.95,2022-02-16,09:00:00
34,34023.29505386941,24194.70250234806,Male,Bachelor,100735.76,58197.4,2022-02-17,10:00:00
64,45421.629434679984,16913.734067265385,Other,Master,112916.11,48045.27,2022-02-18,11:00:00
40,40857.31696761075,17208.491230269847,Other,High School,75466.85,52972.27,2022-02-19,12:00:00
32,47195.43045521831,14499.228835141526,Male,Master,64879.58,66672.57,2022-02-20,13:00:00
54,50849.74887345661,22197.50615310113,Other,High School,102680.2,28760.07,2022-02-21,14:00:00
38,57945.391315350964,23894.68251756057,Other,PhD,92028.84,54136.16,2022-02-22,15:00:00
31,48942.518329113635,22288.86433075943,Female,High School,115660.87,71355.87,2022-02-23,16:00:00
19,57297.52465739303,28372.462166737685,Male,PhD,98002.29,52820.34,2022-02-24,17:00:00
28,50967.1162221518,19972.019905854766,Other,Bachelor,105126.88,66505.73,2022-02-25,18:00:00
56,20368.00150469193,23343.708277962563,Other,Master,59415.44,43707.88,2022-02-26,19:00:00
55,35909.96909271869,14541.495619303429,Male,,147210.92,49679.53,2022-02-27,20:00:00
51,47838.686664175766,18064.501487627997,Female,PhD,95893.95,50335.25,2022-02-28,21:00:00
55,31854.578857383385,23477.688787828887,Male,High School,117439.67,27824.09,2022-03-01,22:00:00
51,58998.93094994307,24245.51055371572,Female,High School,79097.71,38318.22,2022-03-02,23:00:00
35,72961.26248515546,18530.16526167909,Male,Bachelor,107700.25,39031.25,2022-03-03,00:00:00
47,68281.42777545974,19642.003740709664,Male,High School,67428.88,58220.66,2022-03-04,01:00:00
32,46798.35693604688,12410.631266595952,Male,High School,111301.7,58721.53,2022-03-05,02:00:00
44,72360.89205274929,18214.853995966954,Male,PhD,91100.65,53240.36,2022-03-06,03:00:00
51,52230.01185803167,24451.91581759893,Female,,100729.76,58241.03,2022-03-07,04:00:00
55,44943.71043322941,22876.025080532832,Female,Bachelor,117449.35,48358.51,2022-03-08,05:00:00
50,40798.960046885906,22503.32860690605,Other,PhD,69186.49,62019.32,2022-03-09,06:00:00
41,45462.95470267808,20248.868435904802,Male,Master,82887.71,50087.88,2022-03-10,07:00:00
32,44177.34772188157,20035.315793140882,Female,Bachelor,111433.11,50578.64,2022-03-11,08:00:00
47,52556.243335632316,16698.394302632765,Female,Master,152455.54,47344.07,2022-03-12,09:00:00
59,52408.60971574797,23494.142101012672,Female,Master,96547.94,56844.5,2022-03-13,10:00:00
34,50045.69030230122,22104.86472194695,Male,,114778.4,45788.01,2022-03-14,11:00:00
22,56554.072546195246,22460.094239963997,Other,Bachelor,97325.71,59764.31,2022-03-15,12:00:00
46,67859.69412179512,17369.8257866621,Female,Master,148556.14,38678.51,2022-03-16,13:00:00
21,64243.312031619855,9233.285400643777,Male,High School,56319.46,39010.84,2022-03-17,14:00:00
27,27726.53047325145,25485.763558768478,Female,High School,102365.53,56874.27,2022-03-18,15:00:00
34,11691.182976470678,17605.81271995798,Female,,59361.4,49114.56,2022-03-19,16:00:00
27,64014.79866858911,15686.121179784397,Other,,37335.71,45461.09,2022-03-20,17:00:00
34,29496.819523768685,23467.39455956997,Female,PhD,107436.55,58900.58,2022-03-21,18:00:00
37,46628.518971609745,18039.936800404354,Female,PhD,103487.44,43927.39,2022-03-22,19:00:00
41,32448.304609109608,25299.68192023311,Male,Master,92879.08,47997.99,2022-03-23,20:00:00
22,22970.293436299704,23085.029747883487,Male,Bachelor,97345.15,63992.28,2022-03-24,21:00:00
51,58121.94092307182,23417.84661600239,Other,High School,177457.49,65391.42,2022-03-25,22:00:00
23,61387.327404539705,13170.221443997329,Male,Bachelor,93545.62,65723.98,2022-03-26,23:00:00
19,41352.34398909921,26059.719926932004,Male,Bachelor,112753.11,47178.74,2022-03-27,00:00:00
30,11134.365617826348,21306.25265616928,Other,PhD,83765.88,62307.03,2022-03-28,01:00:00
60,41806.33327621276,18153.614303768984,Female,Master,107380.81,40510.47,2022-03-29,02:00:00
60,55877.060081038195,20716.942336711254,Other,High School,94044.16,40930.97,2022-03-30,03:00:00
28,27816.32646838807,11118.8238355084,Male,High School,89737.04,26495.44,2022-03-31,04:00:00
64,52750.39879668733,22043.264057403354,Other,High School,145472.46,66728.68,2022-04-01,05:00:00
40,49770.35226240507,14853.142459089642,Female,Bachelor,129429.62,41360.2,2022-04-02,06:00:00
33,58689.37249401632,13236.648570782327,Other,PhD,103418.67,48734.67,2022-04-03,07:00:00
48,51793.705526212296,12388.204068910545,Male,Master,42394.7,40896.76,2022-04-04,08:00:00
28,35403.96588677667,25563.441874949625,Male,PhD,90974.77,56951.65,2022-04-05,09:00:00
33,67948.57252496737,16853.683031536057,Other,Bachelor,167575.69,46243.66,2022-04-06,10:00:00
25,47622.05640459545,27668.638549582494,Female,Bachelor,94233.46,36951.83,2022-04-07,11:00:00
21,49590.43190735102,17320.99268473851,Other,High School,127580.44,54416.63,2022-04-08,12:00:00
57,36000.98061390206,11463.210212035267,Female,PhD,136048.56,35662.7,2022-04-09,13:00:00
21,43350.766232127346,14417.377800256705,Female,PhD,105474.1,41625.94,2022-04-10,14:00:00
42,36727.95928959649,26179.058100034694,Other,High School,78954.46,28931.11,2022-04-11,15:00:00
20,47405.809101148654,19220.509110316663,Female,Master,39117.19,35760.42,2022-04-12,16:00:00
49,75675.62720213515,17258.563517546994,Male,Bachelor,117104.08,51785.29,2022-04-13,17:00:00
20,,20800.09112926394,Other,Master,79631.1,30354.64,2022-04-14,18:00:00
44,25796.579031848883,22508.913680837726,Female,PhD,104403.76,35188.54,2022-04-15,19:00:00
46,72067.55491240413,25586.994079512304,Male,Master,68754.49,49976.31,2022-04-16,20:00:00
49,46860.14484272201,27242.49614946463,Other,Master,93369.06,44563.93,2022-04-17,21:00:00
36,39963.908920101254,18201.15677105457,Male,High School,100842.98,69920.37,2022-04-18,22:00:00
38,65598.57031094114,13369.76156958981,Male,High School,106714.84,68338.97,2022-04-19,23:00:00
22,40915.766903947035,17932.67419438362,Male,,72129.45,41320.78,2022-04-20,00:00:00
35,77390.14570320403,21301.40253291443,Female,High School,129922.77,55571.38,2022-04-21,01:00:00
45,60168.88807008904,15181.205368946947,Other,Master,85077.63,57492.83,2022-04-22,02:00:00
59,42681.32887781446,15214.245425524787,Other,Master,58138.26,44025.21,2022-04-23,03:00:00
39,,21718.93940774943,Female,High School,97274.41,35044.58,2022-04-24,04:00:00
38,40914.27615494993,19756.738242147745,Other,PhD,100859.38,49877.02,2022-04-25,05:00:00
23,61131.430580139604,20163.98497705793,Male,High School,104014.74,48271.54,2022-04-26,06:00:00
18,54489.38870609738,16207.523326499653,Other,Bachelor,134053.31,45642.36,2022-04-27,07:00:00
22,69526.11934098197,18847.996428971164,Female,High School,94088.78,54423.17,2022-04-28,08:00:00
58,73422.66795090279,15378.834278658478,Male,Bachelor,97009.51,42492.7,2022-04-29,09:00:00
29,50480.0622359865,24450.992055623934,Female,Bachelor,72420.39,38480.02,2022-04-30,10:00:00
43,38698.73194480725,25176.246673618763,Male,Bachelor,120513.84,51090.83,2022-05-01,11:00:00
63,56899.582144086744,10769.060688809532,Male,Bachelor,104607.73,53859.7,2022-05-02,12:00:00
51,39834.26945371841,15352.44569903795,Other,,89499.31,38233.55,2022-05-03,13:00:00
31,80200.80871289935,12517.353724549605,Male,High School,52383.13,59280.91,2022-05-04,14:00:00
43,52048.02996624106,16749.880327965508,Female,High School,136110.3,32295.19,2022-05-05,15:00:00
62,44520.17673031837,19582.810151048197,Other,High School,69308.0,44218.87,2022-05-06,16:00:00
44,52770.204587973625,12751.77390150735,Female,Master,85218.05,47419.91,2022-05-07,17:00:00
26,29793.10565705455,15390.700934373435,Male,High School,108958.61,43637.76,2022-05-08,18:00:00
43,35425.789422340225,14980.213139592506,Female,,70086.05,44349.4,2022-05-09,19:00:00
64,68006.20861916638,21036.33664699472,Female,Master,62662.26,68710.74,2022-05-10,20:00:00
39,40146.58581542906,20346.72168518125,Male,Master,46901.31,41491.16,2022-05-11,21:00:00
64,34296.3352597709,16391.312233313733,Other,Master,118024.92,74412.22,2022-05-12,22:00:00
47,58049.79128790929,20884.10436069699,Female,High School,86370.34,54371.27,2022-05-13,23:00:00
60,67785.56231994496,17266.599577063673,Male,High School,173181.75,50920.55,2022-05-14,00:00:00
34,,18641.724448369732,Other,Bachelor,75141.12,54762.4,2022-05-15,01:00:00
43,64940.715287087245,28367.260451492686,Other,Master,76963.72,75299.28,2022-05-16,02:00:00
53,38648.073671458085,26702.30525895174,Other,High School,85865.18,40064.07,2022-05-17,03:00:00
18,,13502.093815362012,Female,High School,106078.37,38795.82,2022-05-18,04:00:00
25,72520.0047793323,24148.66208939587,Female,,88244.92,42451.34,2022-05-19,05:00:00
52,45159.802417367966,24056.98277245796,Female,High School,115308.31,50321.43,2022-05-20,06:00:00
32,46237.50475317429,14258.683556236909,Other,PhD,75535.29,32742.29,2022-05-21,07:00:00
64,69922.91212773586,24093.888218774304,Female,PhD,65460.21,50223.39,2022-05-22,08:00:00
39,,27689.659592062766,Male,Bachelor,55044.63,66935.47,2022-05-23,09:00:00
31,56838.31658122411,14387.27596877793,Female,High School,44410.65,51514.07,2022-05-24,10:00:00
43,82475.03517351625,15412.485894928683,Female,High School,87048.27,47073.15,2022-05-25,11:00:00
45,40347.22654429785,25088.307334217512,Other,Master,92475.49,43818.4,2022-05-26,12:00:00
40,63917.60192121856,21357.47655412824,Female,,84214.07,58985.12,2022-05-27,13:00:00
31,50855.19687345627,22757.381376197616,Male,PhD,131085.14,41741.67,2022-05-28,14:00:00
41,54028.88418294885,21702.946082002483,Other,PhD,130700.76,68463.96,2022-05-29,15:00:00
19,72927.02639618798,21953.47960464072,Male,,91629.93,69333.6,2022-05-30,16:00:00
62,57617.53634434436,13367.639358444585,Other,High School,55151.97,52567.51,2022-05-31,17:00:00
43,58074.441185744494,25236.588533107242,Other,High School,85832.37,49884.85,2022-06-01,18:00:00
31,66087.61005964704,25847.949962138868,Female,PhD,85004.47,60306.6,2022-06-02,19:00:00
24,,18853.046279659862,Male,High School,83571.63,60947.99,2022-06-03,20:00:00
20,37411.85498991491,19782.61525093069,Other,High School,82557.03,41940.08,2022-06-04,21:00:00
64,34327.862089684495,12344.46248722139,Female,Master,83663.43,44734.45,2022-06-05,22:00:00
40,20504.65115935997,22571.273780089174,Other,Bachelor,90336.46,36776.53,2022-06-06,23:00:00
63,80843.10694910484,22860.28720857072,Other,PhD,84111.47,54090.65,2022-06-07,00:00:00
60,33451.87451417475,19689.044915003444,Other,Master,105208.06,56666.28,2022-06-08,01:00:00
64,46681.19564621342,25621.766799352514,Other,High School,109009.22,36500.74,2022-06-09,02:00:00
62,45847.80050166619,18329.6138451003,Other,PhD,77233.87,45448.01,2022-06-10,03:00:00
35,54611.10046713651,22823.029629468,Other,Bachelor,131776.63,36527.46,2022-06-11,04:00:00
55,62236.05818808945,14901.678306539423,Female,Bachelor,75498.44,41012.0,2022-06-12,05:00:00
52,62907.10232539618,19882.23924562881,Other,Bachelor,59554.98,55510.17,2022-06-13,06:00:00
32,41253.83842146592,19128.228710485822,Male,High School,109519.45,42665.18,2022-06-14,07:00:00
42,47493.174293203825,21126.53961020471,Female,Bachelor,79564.8,46991.74,2022-06-15,08:00:00
54,54238.69925732449,18152.365355833208,Male,High School,108032.29,33726.88,2022-06-16,09:00:00
45,46269.633107246795,19342.63702164166,Other,Bachelor,39908.28,51869.9,2022-06-17,10:00:00
27,74110.18364029989,24130.23585720753,Male,Bachelor,134811.4,49557.27,2022-06-18,11:00:00
56,57364.62427457377,17816.178813808914,Other,PhD,116807.34,42710.41,2022-06-19,12:00:00
34,,11967.114496306604,Other,PhD,62488.09,48109.86,2022-06-20,13:00:00
56,59943.21903001119,28747.919521027103,Female,High School,63030.57,51802.95,2022-06-21,14:00:00
39,67602.10786227987,26907.270393452432,Female,Bachelor,141806.65,41851.32,2022-06-22,15:00:00
43,,13538.686524471907,Other,,81565.5,35237.37,2022-06-23,16:00:00
61,,23448.53902622597,Female,High School,79145.38,68055.74,2022-06-24,17:00:00
42,55995.31927628962,17485.126147243285,Male,PhD,43348.7,43667.27,2022-06-25,18:00:00
34,40229.64659312257,21317.436076655296,Female,Master,91230.54,49032.4,2022-06-26,19:00:00
30,42070.74977375365,21471.12064506747,Female,High School,94307.01,60108.4,2022-06-27,20:00:00
37,58795.4602813264,18827.96099841839,Male,Bachelor,117887.33,85290.55,2022-06-28,21:00:00
42,68574.24607150453,16081.171672068018,Female,High School,65023.04,37555.14,2022-06-29,22:00:00
21,50319.073651040926,16547.294738418703,Other,Master,61992.83,54498.27,2022-06-30,23:00:00
27,54632.49518898446,15419.040422593787,Male,,111274.07,42924.48,2022-07-01,00:00:00
20,,15840.888958847776,Other,,125168.25,44612.1,2022-07-02,01:00:00
58,53611.297692328524,19664.108549753222,Male,PhD,60721.19,42797.88,2022-07-03,02:00:00
62,89025.24671270592,16421.200054446243,Other,Bachelor,127037.85,38743.45,2022-07-04,03:00:00
35,58482.64468447316,23410.260328563098,Other,Master,100938.55,49587.09,2022-07-05,04:00:00
64,23588.558612662735,27436.230776679637,Female,PhD,127295.13,35254.97,2022-07-06,05:00:00
53,61300.12431656799,17099.733793149786,Other,Master,98244.49,59468.08,2022-07-07,06:00:00
64,55717.37577324166,21197.022502676886,Female,,36943.05,50550.03,2022-07-08,07:00:00
39,69346.29131124119,22498.42555151467,Male,Bachelor,96200.82,54224.35,2022-07-09,08:00:00
51,60097.72026904937,22360.011354596372,Other,PhD,126503.6,45338.11,2022-07-10,09:00:00
64,47923.16024024339,20379.776339580436,Other,Master,77656.35,46327.96,2022-07-11,10:00:00
25,31635.526455659514,23713.41209179861,Male,Master,90300.88,52875.64,2022-07-12,11:00:00
57,46864.65114070962,22411.244763403287,Male,,95596.66,38359.49,2022-07-13,12:00:00
61,37242.1931868605,13811.68788836351,Other,PhD,27512.15,46420.1,2022-07-14,13:00:00
36,41292.14825292916,24345.780321946368,Male,PhD,141783.69,41403.86,2022-07-15,14:00:00
59,58828.67606630914,24436.45418633371,Female,,77465.61,41094.31,2022-07-16,15:00:00
58,75048.56756527109,16183.569479107093,Male,Master,112643.39,28901.62,2022-07-17,16:00:00
54,55920.07294734471,20189.68917723801,Male,Master,97832.47,63393.27,2022-07-18,17:00:00
23,32061.754069472234,23416.644964055347,Other,PhD,131440.48,43134.61,2022-07-19,18:00:00
43,56669.040023302114,18953.43090210319,Female,Master,110151.4,61633.76,2022-07-20,19:00:00
51,67949.47229968477,25364.89023883006,Male,High School,94126.89,60687.92,2022-07-21,20:00:00
62,40853.25643520927,31819.362473096804,Female,PhD,77662.12,37140.0,2022-07-22,21:00:00
23,95979.48499981247,16070.069836825089,Female,Master,119946.27,39115.89,2022-07-23,22:00:00
54,50220.32292093796,13094.776984231125,Female,High School,53163.97,75605.03,2022-07-24,23:00:00
50,38226.5253037664,21519.09297802438,Other,Bachelor,116147.26,67509.26,2022-07-25,00:00:00
39,59724.20650765789,23607.812525630718,Male,High School,72523.88,49684.81,2022-07-26,01:00:00
38,48185.77777088327,18845.668130776154,Other,Bachelor,131307.09,52573.73,2022-07-27,02:00:00
23,56292.98665860542,27266.303316605172,Male,High School,104032.49,43691.54,2022-07-28,03:00:00
23,36687.6173329685,13306.971001383756,Male,Bachelor,116103.09,54323.53,2022-07-29,04:00:00
21,43438.125495148844,23464.593115158055,Other,Master,102049.72,42828.18,2022-07-30,05:00:00
47,60835.72036741657,16970.695896205532,Female,Master,56190.57,29676.46,2022-07-31,06:00:00
28,44407.502718623495,28596.889531036482,Female,Master,78481.77,36784.44,2022-08-01,07:00:00
47,75904.45776850107,29962.57676584059,Male,PhD,116809.73,50210.93,2022-08-02,08:00:00
48,44005.45721578097,16166.71706108326,Other,High School,104166.4,38689.33,2022-08-03,09:00:00
41,53370.27088627829,17252.2143204571,Female,,129524.75,49327.23,2022-08-04,10:00:00
26,63988.86247809635,24297.93943489901,Female,PhD,110081.86,39253.39,2022-08-05,11:00:00
20,28724.514006004523,18064.346751052428,Male,High School,75832.45,42176.46,2022-08-06,12:00:00
48,23587.86782028836,19772.94391033881,Male,,80098.4,58531.65,2022-08-07,13:00:00
57,27115.15528144858,20126.94210271205,Other,,102572.93,52474.81,2022-08-08,14:00:00
54,68938.76155140773,10401.634219011718,Male,Master,42148.9,49903.36,2022-08-09,15:00:00
53,41722.127811613296,19930.811269528815,Female,,141836.05,58789.64,2022-08-10,16:00:00
41,88372.98928502378,16551.36112967913,Female,High School,111043.67,54806.09,2022-08-11,17:00:00
48,41536.286020139174,17534.38588800114,Female,,130675.86,64465.63,2022-08-12,18:00:00
23,52768.269547955555,27218.16001734407,Female,Master,60484.9,45401.41,2022-08-13,19:00:00
19,73131.64928851814,13717.46552860372,Other,,131114.13,45703.65,2022-08-14,20:00:00
37,80091.39332238684,24066.025933739886,Other,PhD,155787.47,36988.91,2022-08-15,21:00:00
45,80922.55364954597,18605.185348340958,Male,High School,66978.04,45710.19,2022-08-16,22:00:00
28,68125.49345889714,18601.199157520827,Male,Master,119285.04,59647.7,2022-08-17,23:00:00
21,65360.93788717194,23951.859480258558,Male,Master,100027.75,62999.87,2022-08-18,00:00:00
32,,21700.256472844452,Other,Master,61389.15,59603.05,2022-08-19,01:00:00
23,61675.41614249957,22853.064986097655,Female,,112322.1,32058.08,2022-08-20,02:00:00
47,41732.214255072,24840.923302664305,Male,Bachelor,120840.08,60831.45,2022-08-21,03:00:00
55,37727.016748665395,18343.458084083388,Female,PhD,84971.84,31614.81,2022-08-22,04:00:00
19,49949.38313883572,16938.81632746125,Male,High School,129147.91,58981.17,2022-08-23,05:00:00
32,47447.23066212607,14574.24736721101,Male,PhD,58330.91,46322.15,2022-08-24,06:00:00
28,43201.579260090875,15872.947350105223,Male,Master,62631.1,57025.33,2022-08-25,07:00:00
25,60445.81171185073,34745.472126543624,Male,PhD,103414.93,36675.52,2022-08-26,08:00:00
43,64329.57812855766,26223.397903683934,Male,Master,100634.63,61711.68,2022-08-27,09:00:00
62,51326.10329437771,13244.628168959895,Female,,82085.66,35350.25,2022-08-28,10:00:00
61,72162.95121582893,13387.71021628215,Male,Master,120239.86,43315.45,2022-08-29,11:00:00
22,32874.66328799742,22409.330308592456,Female,PhD,113272.36,40019.05,2022-08-30,12:00:00
23,47095.10811080423,22736.323986889834,Other,Bachelor,121453.48,32457.15,2022-08-31,13:00:00
43,39247.66519095792,22744.419176586824,Male,,96921.59,50945.28,2022-09-01,14:00:00
21,22001.9507439041,18725.22103223151,Female,Bachelor,115064.51,68060.89,2022-09-02,15:00:00
36,48759.78971235951,19372.7286999855,Other,High School,88858.74,76669.05,2022-09-03,16:00:00
37,48173.78737425074,21639.397620796786,Other,Bachelor,151345.47,50971.56,2022-09-04,17:00:00
50,72701.74614863197,20429.46503146665,Other,,79686.36,61166.81,2022-09-05,18:00:00
37,59462.17526832166,8903.498136262324,Female,Bachelor,152632.44,52320.95,2022-09-06,19:00:00
29,34637.19763506192,18851.001847124033,Male,PhD,100872.2,54988.83,2022-09-07,20:00:00
64,77811.38849501283,15742.96782869843,Male,PhD,65612.23,46578.51,2022-09-08,21:00:00
18,68315.5054328803,20876.05709454256,Female,Bachelor,134201.98,51950.77,2022-09-09,22:00:00
43,58731.465552029236,34926.29501301705,Male,High School,103147.53,55374.79,2022-09-10,23:00:00
31,46602.738517252525,21837.408327371522,Female,Master,121278.1,44215.4,2022-09-11,00:00:00
55,35608.4114491478,18432.35156913801,Male,Bachelor,130596.4,49225.06,2022-09-12,01:00:00
54,44416.8983589342,24609.00750988626,Other,,108448.89,49415.7,2022-09-13,02:00:00
28,66331.22929556279,22413.439436046065,Male,Bachelor,85193.98,58264.03,2022-09-14,03:00:00
53,78268.79458901913,22100.472452259208,Female,,124392.83,39339.68,2022-09-15,04:00:00
30,73148.65292408284,23034.252966078355,Female,PhD,100018.89,49484.58,2022-09-16,05:00:00
60,42667.258673205884,30282.71782414771,Other,Bachelor,117146.45,69120.05,2022-09-17,06:00:00
20,33205.73850066483,14345.557823370422,Female,Bachelor,46156.74,61640.6,2022-09-18,07:00:00
50,52113.29370366806,22368.16038405727,Male,Bachelor,111174.54,63491.79,2022-09-19,08:00:00
23,23473.409516557225,15368.094350092308,Male,Bachelor,84035.35,50244.32,2022-09-20,09:00:00
27,54847.515712771725,22777.56323171124,Other,Master,141332.74,53209.98,2022-09-21,10:00:00
22,47785.96120551997,15406.567442569529,Female,PhD,115577.18,60022.36,2022-09-22,11:00:00
40,43009.452471976365,17913.165931974578,Other,Bachelor,105996.44,65602.56,2022-09-23,12:00:00
27,26079.453990998067,18524.550428810468,Male,,112157.75,30483.97,2022-09-24,13:00:00
61,57704.00159854575,24879.083596723547,Other,Master,75038.98,36845.59,2022-09-25,14:00:00
19,42009.487405071326,24592.272219712067,Female,,140581.42,63094.44,2022-09-26,15:00:00
